地点,短评,出发时间,天数,人均费用,人物,玩法,浏览量,详情页
布罗旅游攻略,💙印尼旅行💙站在活火山口是什么体验？火山深海全攻略❗,2017/05/01,8,6000,独自一人,深度游 五一,793,https://travel.qunar.com/travelbook/note/7759518
30天穷游老柬越（老挝篇）,30天穷游老柬越（老挝篇）,2022/11/08,30,5037,独自一人,第一次 深度游,6452,https://travel.qunar.com/travelbook/note/7759069
大理旅游攻略,这样的大理你见过吗？五天四晚看不一样的大理,2022/11/06,1,6000,三五好友,自驾 赏秋,6277,https://travel.qunar.com/travelbook/note/7758947
花垣旅游攻略,自驾湘西乾州古城、尖朵朵、矮寨奇观、十八洞村、里耶古城、茶峒古镇、凤凰古城,2022/09/19,5,1999,独自一人,自驾 赏秋,1万,https://travel.qunar.com/travelbook/note/7757597
洛桑旅游攻略,瑞士日记｜手把手教你10天玩转山水王国,2022/07/12,10,12000,亲子,深度游 徒步 摄影 夏季 暑假,8171,https://travel.qunar.com/travelbook/note/7757304
龙胜旅游攻略,2022年广西桂林北海,2022/09/24,10,5300,家庭,,1万,https://travel.qunar.com/travelbook/note/7756410
烟台旅游攻略,小鲁面の人间威海·仙境蓬莱『胶东半岛双城记』,2022/10/11,1,,,,9454,https://travel.qunar.com/travelbook/note/7756077
敦煌旅游攻略,送你一朵小红花——2021暑假青海湖大环线,2021/07/01,10,6000,亲子,自驾 深度游 环游 暑假,8362,https://travel.qunar.com/travelbook/note/7755902
敦煌旅游攻略,千里迢迢去敦煌——2022的国庆，继续出发,2022/10/02,5,5000,家庭,第一次 国庆,7717,https://travel.qunar.com/travelbook/note/7755866
西安旅游攻略,大唐亲子7日游,2022/09/28,7,4500,亲子,第一次 国庆,7997,https://travel.qunar.com/travelbook/note/7755188
南丹旅游攻略,小众旅行一车两人四天三夜玩转南丹,2022/10/01,1,,,,9153,https://travel.qunar.com/travelbook/note/7755168
北京旅游攻略,【北京】不便出京，去昌平看望明成祖,2022/09/19,3,560,家庭,深度游 短途周末,9527,https://travel.qunar.com/travelbook/note/7754474
南丹旅游攻略,四天三晚闺蜜游南丹，有趣目的地等你来探索,2022/09/26,4,,三五好友,,2万,https://travel.qunar.com/travelbook/note/7754052
呼和浩特旅游攻略,【国庆去哪儿玩】邂逅美丽多彩青城，开启3天2夜深度之旅,2022/09/15,3,1000,三五好友,深度游 自驾 赏秋 国庆,2万,https://travel.qunar.com/travelbook/note/7753885
北京旅游攻略,【梦华录】寻觅拾光♥来一场穿越之旅（北京慢游记）,2022/07/25,7,3000,亲子,毕业游 暑假,4279,https://travel.qunar.com/travelbook/note/7753529
凤凰旅游攻略,我和凤凰沱江有个约定,2022/09/17,2,600,家庭,短途周末 摄影 古镇 赏秋 中秋节,7036,https://travel.qunar.com/travelbook/note/7752921
,,,,,,,,https://travel.qunar.com/travelbook/note/7752876
绍兴旅游攻略,金秋游绍兴，一半古镇情，一半山水意,2022/09/05,5,,三五好友,深度游 古镇,1.7万,https://travel.qunar.com/travelbook/note/7752618
郴州旅游攻略, 金秋九月游湖南，吃喝玩乐走遍“长张郴”，干货攻略已为你准备好,2022/09/16,6,2000,独自一人,深度游 中秋节,7997,https://travel.qunar.com/travelbook/note/7752537
武夷山旅游攻略,偷得浮生三日闲，览胜武夷山水间,2022/09/02,3,1000,家庭,短途周末 徒步 探险 暑假 赏秋,5322,https://travel.qunar.com/travelbook/note/7752394
,,,,,,,,https://travel.qunar.com/travelbook/note/7752381
昆明旅游攻略,夏日逃跑计划丨云南小环线六天五晚自驾游,2022/07/30,6,1600,三五好友,自驾 环游 美食 夏季,5569,https://travel.qunar.com/travelbook/note/7752322
绍兴旅游攻略,一碗绍兴酒，一场水城梦，绍兴四日漫行记,2022/09/13,1,,,,1.3万,https://travel.qunar.com/travelbook/note/7752128
遵义旅游攻略,从海的那头到山的这头，红色遵义的东茶、西酒、南寨、北奇,2022/09/01,5,3500,三五好友,深度游 自驾 古镇 赏秋,7690,https://travel.qunar.com/travelbook/note/7751879
宜章旅游攻略,莽山国家森林公园&五指峰，堪称小张家界,2022/09/03,2,500,情侣,自驾 赏秋,7252,https://travel.qunar.com/travelbook/note/7751786
张家界旅游攻略,奉节、巫山、张家界十三日游,2022/09/08,13,6000,亲子,暑假,220,https://travel.qunar.com/travelbook/note/7751702
聊城旅游攻略,古韵聊城，走进中国北方的威尼斯,2022/09/08,4,2000,,深度游 美食 摄影,1.6万,https://travel.qunar.com/travelbook/note/7751701
北京旅游攻略,【北京】二0二二之夏，在闷热无聊中找寻我的清欢,2022/07/01,21,,独自一人,夏季,5756,https://travel.qunar.com/travelbook/note/7751585
呼伦贝尔旅游攻略,呼伦贝尔｜天边那片辽阔的大草原啊,2022/08/01,7,3000,独自一人,摄影 夏季,6482,https://travel.qunar.com/travelbook/note/7751454
桂林旅游攻略,『桂林·阳朔·龙脊梯田』❀微卷不累❀6天5晚自由行,2022/08/17,6,4000,家庭,第一次 夏季,7168,https://travel.qunar.com/travelbook/note/7751372
查济旅游攻略,1日游,2022/09/05,3,,,,5529,https://travel.qunar.com/travelbook/note/7751319
西安旅游攻略,【自驾环游北中国—盛世长安】生生灯火，不及十三朝风华入梦,2021/06/20,6,,情侣,,4578,https://travel.qunar.com/travelbook/note/7751545
丽江旅游攻略,七月的风，八月的雨，九月的我在云南等你,2022/08/31,4,,三五好友,第一次 夏季,6219,https://travel.qunar.com/travelbook/note/7750860
,,,,,,,,https://travel.qunar.com/travelbook/note/7750802
西双版纳旅游攻略,好玩的 好吃的 好看的 版纳都有,2022/08/20,1,1500,三五好友,穷游 中秋节,6823,https://travel.qunar.com/travelbook/note/7750700
黟县旅游攻略,总要去趟江南吧！和黟县的重逢，是执念，更是下江南的如愿！,2022/08/28,3,1500,独自一人,第一次 深度游 自驾 夏季 中秋节,7317,https://travel.qunar.com/travelbook/note/7750493
喀什旅游攻略,夏末西行记｜我们迎着烈日奔向喀什！,2022/08/01,7,5500,三五好友,,4206,https://travel.qunar.com/travelbook/note/7750912
银川旅游攻略,Second Journey with harbiti,2022/08/19,5,2000,,,7357,https://travel.qunar.com/travelbook/note/7750146
鄂尔多斯旅游攻略,大美鄂尔多斯，奔赴一场沙漠与草原的约定（6天7夜之旅）,2022/08/25,1,,,,3.5万,https://travel.qunar.com/travelbook/note/7750106
新宁旅游攻略,崀山，登山之旅，两天爬了五座，虽汗流浃背但也值了,2022/08/13,2,500,家庭,自驾 夏季,7753,https://travel.qunar.com/travelbook/note/7749969
苏州旅游攻略,苏州旅行｜水韵同里，全方位深度游（吃住行全攻略）,2022/08/21,1,,,,3.5万,https://travel.qunar.com/travelbook/note/7749739
昭平旅游攻略,遇见黄姚，遇见最美古镇！,2022/07/23,2,500,家庭,深度游 夏季,9010,https://travel.qunar.com/travelbook/note/7749460
长沙旅游攻略,湘西5天6夜半团之行,2022/08/12,6,3400,闺蜜,暑假,4747,https://travel.qunar.com/travelbook/note/7749445
伊春旅游攻略,夏游小兴安岭，跳出城市在森林里寻一抹绿,2022/08/08,5,4000,三五好友,自驾 暑假,3.9万,https://travel.qunar.com/travelbook/note/7749386
奥克兰旅游攻略,新西兰南岛|带娃漂洋过海一万公里，邂逅世界的纯净地,2022/08/18,3,,,,7993,https://travel.qunar.com/travelbook/note/7749437
东北地区旅游攻略,东北东北，偷夏哈伊池,2022/08/07,6,5000,三五好友,自驾 夏季,8181,https://travel.qunar.com/travelbook/note/7749210
,,,,,,,,https://travel.qunar.com/travelbook/note/7749198
平遥旅游攻略,我是周末种草官【之】周末请上车，平遥古城乔家大院两地是目的,2022/08/06,3,1000,三五好友,深度游,9233,https://travel.qunar.com/travelbook/note/7749093
广州旅游攻略,我是周末种草官【之】周末请上车，广佛两地是目的,2022/01/01,7,,闺蜜,短途周末 美食 摄影,1395,https://travel.qunar.com/travelbook/note/7749050
芽庄旅游攻略,10周年结婚纪念——芽庄之旅,2017/07/04,8,5600,亲子,蜜月 暑假,5541,https://travel.qunar.com/travelbook/note/7749028
艾伯塔旅游攻略,不止班夫，More Than山湖——不走寻常路的“艾”之初体验,2022/07/01,12,17000,家庭,深度游 自驾 徒步 夏季 暑假,2092,https://travel.qunar.com/travelbook/note/7748841
