楼盘链接,楼盘名称,楼盘状态
/loupan/p_bwytbmirw/,滨望雅庭,在售
/loupan/p_mdlrsbjplbluui/,荣盛江荣府,在售
/loupan/p_xplxhjhfblcux/,旭辉珺和府,在售
/loupan/p_hyzcbmhpn/,杭曜之城,待售
/loupan/p_lcgyxybmbcd/,绿城桂语新月,在售
/loupan/p_zcxgafsaj/,赞成星谷,在售
/loupan/p_bjtxjzafsav/,同协金座,在售
/loupan/p_lclcafsax/,蓝城久宸里,在售
/loupan/p_yxzstyjwafshb/,云悦湾,在售
/loupan/p_thzygcafsof/,世茂西溪宸悦,在售
/loupan/p_tmgsyafspt/,天目观山月,在售
/loupan/p_dhxyfyaaoxj/,大华春山明月,在售
/loupan/p_yssjaftdc/,云水山居,在售
/loupan/p_wkjwaftdj/,万科玖望,在售
/loupan/p_fqcmaftfy/,凤起潮鸣,待售
/loupan/p_smzhzmaftlk/,世茂智慧之门,在售
/loupan/p_zgtjgjcaapag/,中铁建国际公馆,在售
/loupan/p_fdyzxaapew/,复地壹中心,在售
/loupan/p_sdyggjaapgv/,宋都阳光国际,在售
/loupan/p_zgllxzaasan/,中港西湖院子,在售
/loupan/p_jjdsaayix/,金骏大厦,在售
/loupan/p_jlcyjsabaxo/,九龙仓雍景山,在售
/loupan/p_lhqsabays/,浅山,在售
/loupan/p_bhtdabbzj/,滨湖天地,在售
/loupan/p_wtzxabcme/,万通中心,在售
/loupan/p_ndcfzxabcmr/,诺德财富中心,在售
/loupan/p_qjzsctzxabcqn/,钱江浙商创投中心,在售
/loupan/p_jywlfabdpq/,佳源未来府,在售
/loupan/p_slqtoabdvm/,钱塘ONE,在售
/loupan/p_zahlgcabepb/,众安恒隆广场,在售
/loupan/p_sbgjzxabepq/,世包国际中心,在售
/loupan/p_sdsjmzabhip/,时间名座玺寓,在售
/loupan/p_dhjzabjrc/,鼎和金座,在售
/loupan/p_yqlabjsn/,悦青蓝,待售
/loupan/p_gydjabjua/,公元帝景,在售
/loupan/p_dhxhcablag/,东海闲湖城,待售
/loupan/p_wyscabmmj/,文渊狮城,在售
/loupan/p_yfsabmui/,泰禾野风大城小院,在售
/loupan/p_xygyabmvg/,星云,在售
/loupan/p_yhzxabnln/,永和之星,在售
/loupan/p_lpxsdabnmo/,临平新时代,在售
/loupan/p_wrcabnnp/,运河印,在售
/loupan/p_ldhjcyabnyw/,绿地商业中心,在售
/loupan/p_zsyxgyabonk/,招商越秀公园1872,在售
/loupan/p_dfsmcabonw/,东方世贸城,在售
/loupan/p_sdsjmzaboom/,宋都时间名座,在售
/loupan/p_jxytaboqi/,白鹭郡西,在售
/loupan/p_wtzxabxcs/,万通中心,在售
/loupan/p_ydwjgcabxfz/,盈都吾角商业中心,在售
/loupan/p_hgwlhabxgp/,汉港武林汇,在售
/loupan/p_sbgjzxacfao/,世包国际中心,在售
/loupan/p_tjxbjbidyt/,天骄香槟郡,在售
/loupan/p_cjhybiejk/,飘鹰富春江花苑,在售
/loupan/p_yssjbiflz/,云水山居,在售
/loupan/p_snybimdt/,山南印,在售
/loupan/p_atwkzxbimeu/,奥体万科中心,在售
/loupan/p_flhbyjbiqmd/,富力湖滨悦居,在售
/loupan/p_zsibiqxt/,招商I-Park,在售
/loupan/p_yxxhabiyvi/,越秀星悦城,在售
/loupan/p_jyyybjcik/,佳源优樾,在售
/loupan/p_zjcfzxbjcng/,中交财富中心,在售
/loupan/p_dbzxbjcvu/,东部之星,在售
/loupan/p_wrcbjeli/,万融城,在售
/loupan/p_tjxbjbjenk/,天骄香槟郡,在售
/loupan/p_lcyqthybjent/,绿城云栖桃花源,在售
/loupan/p_hxzxbjeoi/,华夏之心,在售
/loupan/p_wkgwbjgjx/,万科公望,待售
/loupan/p_akssdwlzcbjgsf/,奥克斯时代未来之城,在售
/loupan/p_xsyhcbjgsq/,祥生云湖城,在售
/loupan/p_sssdbjhcr/,山水时代,在售
/loupan/p_ljhybjjko/,励骏花园,在售
/loupan/p_cjsjbjjpw/,春江山居,在售
/loupan/p_yzbzjbjjwo/,禹洲滨澜铭座,在售
/loupan/p_jmgyfbjkbs/,金马高悦府,在售
/loupan/p_flyjsxqbjkin/,富力御江山小区,在售
/loupan/p_byzxbjklp/,汇高栢悦中心,在售
/loupan/p_hczxbjnhx/,华策中心,在售
/loupan/p_lxwbjpcs/,柳溪湾,在售
/loupan/p_lsllybjpcu/,朗诗溪涧雅庐,待售
/loupan/p_cjsjbjpeb/,春江山居,在售
/loupan/p_yhwkzxbjtem/,运河万科中心,在售
/loupan/p_bhtdbjunh/,滨虹商务中心,在售
/loupan/p_zchmbjxmz/,中城汇MIDTOWN,在售
/loupan/p_zjcgbjxut/,紫荆辰光,在售
/loupan/p_ldyzgybjyag/,绿地亚洲公园,待售
/loupan/p_rcgyzxbkape/,融创港印中心,在售
/loupan/p_lcqtbkasg/,绿城青亭,在售
/loupan/p_xghbkazk/,星光荟,在售
/loupan/p_zyjxggbkbby/,中冶锦绣公馆,待售
/loupan/p_zyjxggbkbcc/,中冶锦绣公馆,在售
/loupan/p_hdyqsjbkbks/,恒大御泉四季,在售
/loupan/p_zjcgbkcaq/,紫荆辰光,在售
/loupan/p_yhwhybkcaz/,悦湖湾花园,在售
/loupan/p_bcaybkeae/,北辰奥园,在售
/loupan/p_zyssxbkfhj/,竹悦山水轩,在售
/loupan/p_slqtobkhav/,钱塘ONE,在售
/loupan/p_bkhxm/,云安小镇,在售
/loupan/p_undefinedbkikc/,理想银泰城,在售
/loupan/p_dxycfbkiok/,嘉裕天城,在售
/loupan/p_dtwkhxdbkipi/,地铁万科杭行道,在售
/loupan/p_smthzygcbkiyv/,世茂西溪宸悦,在售
/loupan/p_lcqtbkjba/,绿城青亭商铺,待售
/loupan/p_zlydhbkjwc/,云都汇中心,在售
/loupan/p_dhfhbkjxs/,铂瑞悦府,在售
/loupan/p_lczyaxcbkkox/,傲旋城,在售
/loupan/p_yjjzbkkvl/,云集金座,在售
/loupan/p_rcsyhbklbr/,融创森与海之城,在售
/loupan/p_bjgybklsb/,启迪协信科技城,在售
/loupan/p_wxyzbkmuq/,五幸银座,在售
/loupan/p_xtlcygcfbkoje/,杭州春树云筑,在售
/loupan/p_hwtdbkojn/,海威天地,在售
/loupan/p_ysjmfbkolg/,云上金铭府,在售
/loupan/p_atclhbkoqr/,奥体朝龙汇,在售
/loupan/p_hxzxbkova/,华夏之心,在售
/loupan/p_bgybxwbkowe/,碧桂园铂玺湾,在售
/loupan/p_xjxfbkozv/,美的西径晓风,在售
/loupan/p_xjxfbkpaa/,美的西径晓风,在售
/loupan/p_zjcbkpyh/,之江潮,在售
/loupan/p_zjlqyfbkqlu/,中骏临栖云府,在售
/loupan/p_xhjsctbkqpn/,新湖金色池塘,在售
/loupan/p_xhjsctbkqqx/,新湖金色池塘,在售
/loupan/p_bjdfgbkqts/,滨江定福阁,待售
/loupan/p_gkdfjcxfbkqva/,国开东方锦城学府,在售
/loupan/p_rcsyhbkscv/,融创森与海之城,在售
/loupan/p_ldjwlbksyw/,绿都鉴未来,在售
/loupan/p_rwsahfbktwr/,水岸华府,在售
/loupan/p_xscgybkuff/,富阳宸光悦,在售
/loupan/p_jsbycbkvei/,景顺铂悦城,在售
/loupan/p_jhysjnbkvgm/,锦和云水江南,在售
/loupan/p_blxjzzxmbkvgw/,保利欣品华庭,在售
/loupan/p_dyxyxsbkvlh/,东亚溪雅香舍,在售
/loupan/p_qdhlcgyjnbkxbe/,千岛湖绿城桂语江南,在售
/loupan/p_rxmhblltbkxcv/,融信美好宝龙锦云澜天里,在售
/loupan/p_fhfdbkxdl/,凤凰府邸,在售
/loupan/p_bgywkywmdbkydv/,碧桂园万科悦望名邸,待售
/loupan/p_stjxlbkyir/,镜象西湖,在售
/loupan/p_zcxgbkylu/,赞成星谷,在售
/loupan/p_lczyaxcbkywu/,傲旋城,在售
/loupan/p_rcryzcbkyzi/,融创融耀之城,待售
/loupan/p_jbgwdsbkzbl/,江滨公望大厦,在售
/loupan/p_zzddlcqdhlaxfbkzbu/,柳岸晓风新都,在售
/loupan/p_zzddlcqdhlaxfbkzem/,柳岸晓风新都,在售
/loupan/p_lsllbkzfr/,玲珑郡,在售
/loupan/p_dxkgcbkzgz/,德信空港城,在售
/loupan/p_hgssbkzwy/,湖光山社,在售
/loupan/p_wlqcxzblaas/,未来七彩小镇,在售
/loupan/p_dtwktkzcblact/,地铁万科五常车辆段上盖,在售
/loupan/p_xtdsjmzblacu/,世嘉铭座,在售
/loupan/p_fhfdblajb/,凤凰府邸,在售
/loupan/p_ahyyfblaps/,澳海云樾赋,在售
/loupan/p_xsdxcbxmblapw/,江山云樾府,在售
/loupan/p_shlrfdrzyblbwz/,润枫东润紫园,在售
/loupan/p_zcwllblbxz/,赞成武林里,在售
/loupan/p_hycszblcdz/,湖印宸山庄,在售
/loupan/p_bgywkywmdblchi/,碧桂园万科悦望名邸,在售
/loupan/p_mylmlmzblcjz/,美麓美座,在售
/loupan/p_blcqh/,港郦中心,在售
/loupan/p_qwlfcjmxwtblctn/,富春金茂星外滩·秦望府,在售
/loupan/p_bjxhbxfblcvi/,滨江旭辉滨旭府,在售
/loupan/p_wkzycwblcvn/,樟宜翠湾,在售
/loupan/p_aljjbldnq/,奥莱金街,在售
/loupan/p_dtwkchtkzcbldoy/,地铁万科彩虹天空之城,在售
/loupan/p_ymltysjcbldxv/,天樾四季城,在售
/loupan/p_ymltysjcbldxx/,天樾四季城,在售
/loupan/p_qdhbjcszxbleje/,千岛湖滨江城市之星,在售
/loupan/p_ndljyyyjsblekf/,佳源驭远玖墅,在售
/loupan/p_yxxhcbleou/,越秀星汇中心,在售
/loupan/p_hwtdblfgd/,海威天地,在售
/loupan/p_lclxyblfkn/,佳源岛,在售
/loupan/p_xccyyjyblfwb/,星创城映月璟园,待售
/loupan/p_qshyblgdy/,浅山,在售
/loupan/p_zlwcxlhfswlcblgjg/,杭房首望澜翠府,在售
/loupan/p_dsdlblllfblgjl/,百郦玲珑府,在售
/loupan/p_xhblygctrfblgjm/,阳光城檀瑞府,在售
/loupan/p_zsxlyblgjn/,中顺新澜悦,在售
/loupan/p_hhwjyblgnn/,弘涵望江月,在售
/loupan/p_xlqcxzblheg/,七彩星商业中心,在售
/loupan/p_qyylblhex/,浅隐云庐,在售
/loupan/p_ycqshplfyblhlo/,银城青山湖畔,在售
/loupan/p_shyyblhtk/,申花印月,在售
/loupan/p_rydbmihs/,瑞源邸,在售
/loupan/p_zaybmiku/,臻奥院,在售
/loupan/p_hqcybmirg/,华景川科大.湖沁宸园,在售
/loupan/p_fyfbmirh/,中天翡玥府,在售
/loupan/p_jcqyfbmirl/,新希望锦翠栖源,在售
/loupan/p_nwfbmirx/,宁望府,在售
/loupan/p_zrhtxqfbmiry/,正荣鹤亭熙青府,待售
/loupan/p_hycdbmisa/,瀚悦宸邸,待售
/loupan/p_qycxbmist/,沁悦宸轩,待售
/loupan/p_hwtdbmiyr/,海威天地,在售
/loupan/p_dkjzbmjan/,迪凯金座,在售
/loupan/p_cthyfbmjce/,春题杭玥府,在售
/loupan/p_bxyzbmjcq/,滨玺云著,在售
/loupan/p_tyjybmjfp/,桐韵家园,在售
/loupan/p_rmqhcbmjjx/,如沐清晖城,在售
/loupan/p_zjdhwlycbmjnh/,中骏鼎湖未来云城,在售
/loupan/p_cyhdbmjni/,华城茶语华邸,在售
/loupan/p_xylmzcbmjnj/,兴耀岚漫之城,在售
/loupan/p_ywjbmjnk/,星雅望居,待售
/loupan/p_xsypxbmjnl/,洺川名著,待售
/loupan/p_ytxnhxzbmjnm/,银泰仙女湖小镇,待售
/loupan/p_lzjbmjns/,临之锦,在售
/loupan/p_rxrlbmjnu/,融信如澜,待售
/loupan/p_wqfbmjnz/,望青府,待售
/loupan/p_oxlbmjou/,耦贤里,待售
/loupan/p_oxlbmjov/,耦贤里,待售
/loupan/p_hymsbmjox/,湖语牧松,在售
/loupan/p_yrxyhfsqbmjsi/,雨润星雨华府三期,在售
/loupan/p_xthtbmkmi/,岫町华庭,待售
/loupan/p_bmkmu/,钱潮鸣翠云筑,待售
/loupan/p_bmkmv/,青西铭府,待售
/loupan/p_tsdybmkna/,棠颂大院,在售
/loupan/p_bmkoy/,大华峰汇华城,在售
/loupan/p_rmqhcbmkph/,如沐清晖城,在售
/loupan/p_bmkpj/,绿都中天云屿江月,在售
/loupan/p_txcbmkqh/,天瑄城,待售
/loupan/p_zsbahclbmkra/,招商博奥花宸里,待售
/loupan/p_bmkrd/,栖江揽月轩,待售
/loupan/p_gclyxbmkre/,观翠揽月轩,待售
/loupan/p_xhjpajhhbmktd/,新鸿基平安江河汇,待售
/loupan/p_yjsfbmktw/,地上衣锦上府,待售
/loupan/p_bmkuw/,严州云境府,待售
/loupan/p_pgcycbmllg/,平高创业城,待售
/loupan/p_ycthcbmlmo/,华景川云萃天和城,待售
/loupan/p_hfqrxfbmlmp/,杭房启润学府,待售
/loupan/p_bmlmw/,杭房富春山居湖著观邸,待售
/loupan/p_bmmcy/,鲲鹏府,待售
/loupan/p_lcxxslbmmdh/,绿城西溪深蓝,在售
/loupan/p_bmmfq/,河映云集,待售
/loupan/p_bmmht/,建发缦云轩,在售
/loupan/p_bmmim/,杭珹未来中心,待售
/loupan/p_bldhxbmmkx/,保利都和轩,待售
/loupan/p_bmmtr/,天溪半岛,在售
/loupan/p_yyjybmngs/,绿都中天云屿江月,在售
/loupan/p_bmngx/,月映星语园,在售
/loupan/p_bmnhb/,绿城咏桂里,待售
/loupan/p_bmnoo/,名门旺府,在售
/loupan/p_fhdcfbmnor/,风荷叠翠府,待售
/loupan/p_bmnpa/,金隅会潮悦府,待售
/loupan/p_lwcfbmnph/,德信·临望宸府,待售
/loupan/p_cyhdbmnsr/,华城茶语华邸,待售
/loupan/p_bmnze/,中天宸锦学府,在售
/loupan/p_yldsbmobp/,裕隆大厦,在售
/loupan/p_pgcycbmojm/,平高创业城,在售
/loupan/p_bmonw/,之江明月府,待售
/loupan/p_bmonx/,之江明月府,待售
/loupan/p_htwlsqbmoub/,杭腾未来社区,待售
/loupan/p_bmpbb/,枫翠岚湾,待售
/loupan/p_bmpbd/,听悦雅庭,待售
/loupan/p_bmpbj/,紫阅云宸里,待售
/loupan/p_bmpbk/,湖境天宸里,待售
/loupan/p_bmpbo/,湖悦岚湾,待售
/loupan/p_bmpbp/,锦上云澜,待售
/loupan/p_bmpbq/,祥生文海府,待售
/loupan/p_bcyfbmpbw/,滨萃悦府,待售
/loupan/p_cyxcbmpby/,春樾星宸,待售
/loupan/p_tymcbmpbz/,棠源美宸,待售
/loupan/p_jcswzxbmper/,江宸商务中心,待售
/loupan/p_bmpew/,天目山晓城,待售
/loupan/p_dydacbmpls/,东原东傲城,在售
/loupan/p_dydacbmplt/,东原东傲城,在售
/loupan/p_bmplz/,浅山明月府,待售
/loupan/p_bmppd/,月咏新辰轩,待售
/loupan/p_dtwkchtkzcbmprc/,地铁万科彩虹天空之城,在售
/loupan/p_bylyfbmptr/,保亿丽云府,待售
/loupan/p_jhfbmpua/,江晖府,待售
/loupan/p_clyjbmpxf/,翠揽云境,待售
/loupan/p_jyklbmqas/,佳源快乐,在售
/loupan/p_txcbmqeb/,天瑄城,在售
/loupan/p_ccsfbmqhq/,滨江春宸上府,待售
/loupan/p_yzfbmqkf/,隐舟府,待售
/loupan/p_yxhwfbmqly/,运晓花望府,待售
/loupan/p_ygwxajsbmqlz/,粤港湾·心安江上,待售
/loupan/p_clxsbmqmb/,宸鹭香舍,待售
/loupan/p_hyzxbmqmt/,海悦中心,在售
/loupan/p_cbdtblgcbmqng/,城北地铁宝龙城市广场,在售
/loupan/p_lchrxyycbmqnu/,绿城华润晓月映翠,待售
/loupan/p_ldhjcybmqnv/,绿地商业中心,待售
/loupan/p_yzfbmqpz/,隐舟府,待售
/loupan/p_xzsjfbmqqr/,星瓒颂锦府,待售
/loupan/p_znwllbmqrv/,中南未来里,在售
/loupan/p_jftyylbmqvv/,建发天悦云庐,在售
/loupan/p_jftyylbmqvx/,建发天悦云庐,待售
/loupan/p_tqjzbmqwy/,棠前嘉座,待售
/loupan/p_cbdtblgcbmqzf/,城北地铁宝龙城市广场,在售
/loupan/p_tsdybmqzm/,棠颂大院,在售
/loupan/p_lcyhlbmrec/,蓝城云和里,待售
/loupan/p_lclyaaoli/,绿城莲园,在售
/loupan/p_yynsafsnh/,悠隐南山,在售
/loupan/p_ydxtdbiryi/,盈都新天地,在售
/loupan/p_jxdfgfxzbjxtn/,中旅•锦绣东方,在售
/loupan/p_jnyybkizp/,江南御苑,在售
/loupan/p_jcblflbkljp/,金昌白鹭凤林,在售
/loupan/p_gmmxcbkmby/,光明梦想城,在售
/loupan/p_ddxcmybkndm/,大地西城美院,在售
/loupan/p_ddxcmybkndn/,大地西城美院,在售
/loupan/p_gzlhlxzbknug/,港中旅和乐小镇,在售
/loupan/p_gzlhlxzbknuh/,港中旅和乐小镇,在售
/loupan/p_chzybkoay/,长和庄园,在售
/loupan/p_yscyysjbkoip/,云山境,在售
/loupan/p_xljnfbkpyz/,欣龙江南府,在售
/loupan/p_ygcbgyxybksln/,阳光城碧桂园玺园,在售
/loupan/p_jhzxbktia/,镜湖之星,在售
/loupan/p_hzwddgzlhqwbkxzg/,中旅·海泉湾,在售
/loupan/p_ltbhjbkyqs/,洛塘滨河郡,在售
/loupan/p_hdlyyznjxwblbfl/,驭远中南玖熙湾,在售
/loupan/p_hmlswxhcblbij/,世外旭辉城,在售
/loupan/p_jcgyjjblbnf/,玖境府,在售
/loupan/p_blxhcblbnv/,宝龙旭辉城,在售
/loupan/p_wlhlblbpk/,伟立活力,在售
/loupan/p_xsjyblbpl/,学仕嘉园,在售
/loupan/p_llllslzjybldkc/,朗诗绿洲璟院,在售
/loupan/p_jxxhzydbldxp/,和庄云顶,在售
/loupan/p_bnclbleed/,宝能藏珑,在售
/loupan/p_jyjzblfkj/,金樾玖著,在售
/loupan/p_smmdyzbljjl/,世茂美的云筑,在售
/loupan/p_kdcfyylbljvt/,科大春风印月里,在售
/loupan/p_hbmyblkai/,海波名苑,在售
/loupan/p_xhmfblkbt/,星河名府,在售
/loupan/p_xkjyblllv/,鑫康家园,在售
/loupan/p_xkjyblllz/,鑫康家园,在售
/loupan/p_psddsssdlbllom/,深石上东里,在售
/loupan/p_lcpyxlybllud/,绿城濮园杏林苑,在售
/loupan/p_lcpyxyyblluf/,绿城濮园翔云苑,在售
/loupan/p_jnypblngx/,江南一品,在售
/loupan/p_dylssryjyblopf/,三盛汝悦璟园,在售
/loupan/p_jksdtyblpuw/,金科时代天悦,在售
/loupan/p_ydlbhsyzxblqzm/,滨河商业中心,在售
/loupan/p_hdmyblsfd/,湖墩茗苑,在售
/loupan/p_zclxbgcblssh/,新滨广场,在售
/loupan/p_pyyygbluvq/,璞圆烟雨阁,在售
/loupan/p_byhfyyxyblwug/,保亿湖风晓园,在售
/loupan/p_qflhxjglblwxr/,鸿翔金桂里,在售
/loupan/p_hzqyblxdd/,和庄沁园,在售
/loupan/p_xxlrazygyblxhn/,荣安观江园,在售
/loupan/p_yjdfblxzx/,云锦东方,在售
/loupan/p_hjylblyaw/,会稽云庐,在售
/loupan/p_mnlxsjtblybm/,星尚镜廷,在售
/loupan/p_sllwdrcyhwblyff/,武地融创樾湖湾,在售
/loupan/p_jkxhshzcblyfg/,金科旭辉上河之城,在售
/loupan/p_byyxlblyfl/,宝业云溪里,在售
/loupan/p_xlcblyge/,星澜城,在售
/loupan/p_xhlhtdsyzxblygt/,和天地商业中心,在售
/loupan/p_wjdlhyfblykn/,鸿悦府,在售
/loupan/p_jxhyblyoj/,匠心好园,在售
/loupan/p_rmlhjcrxqfyblypc/,华景川融信晴芳园,在售
/loupan/p_fsxfblyrn/,枫尚学府,在售
/loupan/p_smljbxfblyrq/,锦博学府,在售
/loupan/p_xjgljnfblzeh/,鹃南府,在售
/loupan/p_cftsblzne/,春风棠颂府,在售
/loupan/p_hxywblzpi/,鸿翔云望,在售
/loupan/p_hcfbmaav/,华宸府,在售
/loupan/p_zylbmapt/,卓越春熙里,在售
/loupan/p_wchyfbmbbq/,万城·杭悦府,在售
/loupan/p_yhdsbmbrw/,悦汇大厦,在售
/loupan/p_hxcxybmcuv/,华欣春晓园,在售
/loupan/p_hxcxybmcuw/,华欣春晓园,在售
/loupan/p_hzqybmcwj/,和庄沁园,在售
/loupan/p_rcjntybmdgs/,融创江南桃源,在售
/loupan/p_wcjyfbmdsf/,万城九悦府,在售
/loupan/p_xllgcbmeaj/,新邻里广场,在售
/loupan/p_wcwhfbmegb/,万城万杭府,在售
/loupan/p_lcclycbmegr/,绿城春来云潮,在售
/loupan/p_bmehw/,绍兴黄酒小镇,在售
/loupan/p_jnmyfbmeic/,江南明月府,在售
/loupan/p_lcpymjybmejx/,绿城濮园梅泾苑,在售
/loupan/p_hjcxsyzbmelc/,华景川溪上云筑,在售
/loupan/p_zzmxfbmeta/,中筑名孝府,在售
/loupan/p_hjcxsyzbmfbk/,华景川溪上云筑,在售
/loupan/p_yjwbmfph/,悦景湾,在售
/loupan/p_raybwbmfrw/,荣安▪御宾湾,在售
/loupan/p_rcjcfbmfxc/,融创嘉潮府,在售
/loupan/p_lcmycjbmgdf/,绿城明月春江,在售
/loupan/p_lcjnmybmgdo/,绿城江南明月府（店口）,在售
/loupan/p_bmgyz/,金辉璟樾云著,在售
/loupan/p_znjqbmhkl/,中南君启,在售
/loupan/p_tymhjbmhsd/,天阅美湖居,在售
/loupan/p_xllgcbmhus/,新邻里广场,在售
/loupan/p_zhwltcybmhux/,正黄未来天辰苑,在售
/loupan/p_wkzjbmidy/,万科•臻境,在售
/loupan/p_hxbcjdbmioe/,鸿翔北辰金邸,在售
/loupan/p_zxlhrzdzxbmjon/,华润置地中心,在售
/loupan/p_xyltbmjxq/,秀悦澜庭,在售
/loupan/p_fqtczxbmksg/,凤启天宸中心,在售
/loupan/p_zhhjfbmlgr/,正黄和锦府,在售
/loupan/p_lhjlfbmlqr/,龙湖景璘府,在售
/loupan/p_jdtymwdbmmec/,金地·天元鸣望邸,在售
/loupan/p_bmmkn/,时代天境（海宁）,在售
/loupan/p_llllslzjybmmpd/,朗诗绿洲璟院,在售
/loupan/p_bmmpq/,合境·星耀里,在售
/loupan/p_wkgnlbmmqp/,万科-光年里,在售
/loupan/p_lhjlfbmmre/,龙湖景璘府,在售
/loupan/p_bmmrx/,悦湖里,在售
/loupan/p_bmmvj/,新希望锦麟天樾,在售
/loupan/p_zlzbcsgcbmnac/,织里浙北城市广场,在售
/loupan/p_xchfbmngd/,秀宸华府,在售
/loupan/p_djjyfbmnlr/,大家锦玥府,在售
/loupan/p_zthfbmnmt/,浙投滨海国际,在售
/loupan/p_bmnxz/,锦粼鸣庐,在售
/loupan/p_bmnya/,锦粼鸣庐,在售
/loupan/p_bmoio/,康宇·西林花园,在售
/loupan/p_rcjwfbmoly/,融创·嘉望府,在售
/loupan/p_lzjnfbmoxi/,朗臻江南府,在售
/loupan/p_sxlbmpgx/,书香里,在售
/loupan/p_znjqbmqaq/,中南君启,在售
/loupan/p_jhxyglytbmqrz/,金辉象屿·观澜云庭,在售
/loupan/p_lcjlclaxfafsai/,绿城九龙仓柳岸晓风,售罄
/loupan/p_xyyzafsak/,金辉蓝光星奕云著,售罄
/loupan/p_wkdxgafsal/,万科大溪谷,售罄
/loupan/p_zchmafsan/,中城汇MIDTOWN,售罄
/loupan/p_jkbgybcfafsar/,金科碧桂园博翠府,售罄
/loupan/p_hjyyyafscz/,和家园雍园,售罄
/loupan/p_qjgjsdgcafsen/,钱江国际时代广场,售罄
/loupan/p_rcysdnheqafsfy/,融创东南海,售罄
/loupan/p_rcdlfafsfz/,融创东麟府,售罄
/loupan/p_lcjlcgyjnafsga/,绿城九龙仓桂语江南,售罄
/loupan/p_rxjnxfafsgd/,融信江南学府,售罄
/loupan/p_yxzstyjwafsgs/,云悦湾,售罄
/loupan/p_rxmlafsgt/,融信沐澜,售罄
/loupan/p_jyztnddhslafsgu/,金隅中铁诺德都会森林,售罄
/loupan/p_dcjmfafsgw/,首开东城金茂府,售罄
/loupan/p_jdsddhqtafsgz/,金地宋都都会钱塘,售罄
/loupan/p_yxzstyjwafsha/,云悦湾,售罄
/loupan/p_bgylyafshc/,碧桂园良樾,售罄
/loupan/p_bjbgyfcjnafshg/,滨江碧桂园翡翠江南,售罄
/loupan/p_bjbgywcyxafshi/,滨江碧桂园卧城印象,售罄
/loupan/p_zlmqxyafshl/,中粮梦栖祥云,售罄
/loupan/p_bjbgywcyxafsij/,滨江碧桂园卧城印象,售罄
/loupan/p_rcjcjnfafsik/,融创金成江南府,售罄
/loupan/p_bgyyxfafsim/,碧桂园越溪府,售罄
/loupan/p_xgxyoyafsio/,香港兴业耦园,售罄
/loupan/p_dnqjlwafsis/,东南钱江蓝湾,售罄
/loupan/p_jcytxfafsiv/,融创金成英特学府,售罄
/loupan/p_hjtlafsiw/,合景天銮,售罄
/loupan/p_rxxsggafsjc/,融信萧山公馆,售罄
/loupan/p_xcjjggafsos/,新城璟隽公馆,售罄
/loupan/p_hsjyafsps/,鸿盛家园,售罄
/loupan/p_jrygcflgyafsyo/,景瑞阳光城法兰公园,售罄
/loupan/p_bgyjkshfaftei/,碧桂园金科尚合府,售罄
/loupan/p_wkjwafteo/,君望花苑,售罄
/loupan/p_lsfhaftes/,朗诗枫荟,售罄
/loupan/p_gcyxaftez/,秀隐翠园,售罄
/loupan/p_yyxxggaftfa/,远洋西溪公馆,售罄
/loupan/p_hlbtjaftfb/,海伦堡棠锦,售罄
/loupan/p_hxzxaftfc/,华夏之心,售罄
/loupan/p_bcgsfaftfd/,北辰国颂府,售罄
/loupan/p_rxhzsjaftfe/,融信杭州世纪,售罄
/loupan/p_lcxxylaftfg/,绿城西溪云庐,售罄
/loupan/p_gkdffhtaftfh/,国开东方凤凰台,售罄
/loupan/p_lchlaftfi/,绿城和庐,售罄
/loupan/p_lhjycaftfk/,龙湖江与城,售罄
/loupan/p_xfgcwtaftfl/,西房拱宸外滩,售罄
/loupan/p_bjxxwxcwlhaaftfo/,滨江新希望新城未来海岸,售罄
/loupan/p_wlplaftft/,万丽璞丽,售罄
/loupan/p_yxjryjsaftfv/,越秀景瑞悦见山,售罄
/loupan/p_bgyqcfaftfw/,碧桂园前宸府,售罄
/loupan/p_dxbgyyjnaftfz/,德信碧桂园印江南,售罄
/loupan/p_kygcaftgd/,开元名城,售罄
/loupan/p_jdbjwkyhwaftgm/,金地滨江万科悦虹湾,售罄
/loupan/p_ldhjcaaoyf/,绿地华家池印,售罄
/loupan/p_xxxcsaftie/,西溪新城市,售罄
/loupan/p_djjdfaftjp/,大家金鼎府,售罄
/loupan/p_bgydxfaftjs/,碧桂园东旭府,售罄
/loupan/p_rdfaftkq/,润东府,售罄
/loupan/p_rxmlaftlj/,融信沐澜,售罄
/loupan/p_sxyxslhsaftns/,三湘印象森林海尚,售罄
/loupan/p_lcjlcgyzyaftob/,绿城九龙仓桂语朝阳,售罄
/loupan/p_lcjlcgyzyaftoc/,绿城九龙仓桂语朝阳,售罄
/loupan/p_ztygjaaozh/,阳光郡,售罄
/loupan/p_jdoaaozi/,金地广场,售罄
/loupan/p_jlyhtaaozr/,嘉里云荷廷,售罄
/loupan/p_zdpsaaozw/,阳光城普升,售罄
/loupan/p_zgtjgjhyaapae/,中国铁建国际花园,售罄
/loupan/p_bjdfhaaapai/,滨江东方海岸(萧山),售罄
/loupan/p_xjgyaapak/,郡原相江公寓,售罄
/loupan/p_jdxgyxaapao/,金都夏宫,售罄
/loupan/p_byljsaapap/,保亿丽景山,售罄
/loupan/p_smtcaapar/,茂宸金座,售罄
/loupan/p_xcfjaapax/,新城峯璟,售罄
/loupan/p_jdxgyxaapba/,金都夏宫,售罄
/loupan/p_zystaapbc/,杭钢尚堂府,售罄
/loupan/p_wkkhyqaapbl/,万科坤和玉泉,售罄
/loupan/p_jymcaapbr/,佳源名城,售罄
/loupan/p_ksxbaapbt/,昆盛肖邦,售罄
/loupan/p_zdgjaapbw/,中栋国际,售罄
/loupan/p_ygcflwaapcc/,阳光城翡丽湾,售罄
/loupan/p_khhjyaapcd/,坤和和家园,售罄
/loupan/p_xaljaapcg/,协安蓝郡,售罄
/loupan/p_blwtyaapck/,保利梧桐语,售罄
/loupan/p_hzxtdaapcl/,新天地中心,售罄
/loupan/p_skdssjaapcm/,首开武林8栋,售罄
/loupan/p_hjxhfaapco/,恒基旭辉府,售罄
/loupan/p_khhjyaapdc/,坤和和家园,售罄
/loupan/p_jkchzzkcszgaapdf/,恒大城市之光,售罄
/loupan/p_yxhaapdg/,银杏汇,售罄
/loupan/p_rkaywaapdk/,融创瑷颐湾,售罄
/loupan/p_zchjaapdr/,赞成杭家,售罄
/loupan/p_zcsfaapdu/,赞成首府,售罄
/loupan/p_omjrcaapdv/,欧美金融城,售罄
/loupan/p_ygcsfaapee/,阳光城上府,售罄
/loupan/p_omjrcaapef/,欧美金融城,售罄
/loupan/p_wlyhaapeg/,武林壹号,售罄
/loupan/p_zdgjaapeh/,中栋国际,售罄
/loupan/p_zdytcaapen/,阳光银泰城,售罄
/loupan/p_hdsjgjgcaaper/,恒大水晶国际广场,售罄
/loupan/p_yjlgjhyaapfa/,雅居乐国际花园,售罄
/loupan/p_hrqlaapfd/,华瑞晴庐,售罄
/loupan/p_zywllxaapfm/,卓越蔚蓝领秀一期,售罄
/loupan/p_dfyhaapfq/,东方一号,售罄
/loupan/p_tcfaapfz/,天城府,售罄
/loupan/p_zgtjjngjcaapga/,中国铁建江南国际城,售罄
/loupan/p_jyglsdaapgn/,金隅观澜时代天筑,售罄
/loupan/p_jkcmcbyaapgp/,万科名城博园,售罄
/loupan/p_zxytqtaapjf/,中兴御田清庭,售罄
/loupan/p_blzyggaapqu/,保利中心,售罄
/loupan/p_drqhaapsb/,东日晴好,售罄
/loupan/p_dyxgxaapux/,东亚新干线,售罄
/loupan/p_hjsdaapvw/,黄金时代,售罄
/loupan/p_lztcaapzc/,蓝钻天成,售罄
/loupan/p_zabmszaapzg/,众安白马山庄,售罄
/loupan/p_lcthyaapzl/,绿城桃花源,售罄
/loupan/p_cfyjcaaqdk/,城发云锦城,售罄
/loupan/p_hjqhaaqev/,新城红郡,售罄
/loupan/p_rkalsaaqfa/,融创瑷骊山,售罄
/loupan/p_wkdjsjzgaaqfb/,万科大家世纪之光,售罄
/loupan/p_bcayaaqff/,北辰奥园,售罄
/loupan/p_jdtyaaqfo/,金地天逸,售罄
/loupan/p_jdglglaaqfs/,金地格林格林,售罄
/loupan/p_zczcaaqft/,赞成赞城,售罄
/loupan/p_sfjxbdaaqgk/,顺发吉祥半岛,售罄
/loupan/p_hyzjsdzxaaqhp/,贝利云栖中心,售罄
/loupan/p_yzcaaqig/,余之城,售罄
/loupan/p_hyxxhlcaaqii/,华元西溪欢乐城,售罄
/loupan/p_zaxjlaaqil/,众安学君里,售罄
/loupan/p_xhflaaqim/,新湖菲林山,售罄
/loupan/p_dlmwfaaqio/,得力名望府,售罄
/loupan/p_zalxwaaqit/,众安理想湾,售罄
/loupan/p_wtssggaaqix/,万通时尚公馆,售罄
/loupan/p_dhlywaaqja/,东晖龙悦湾,售罄
/loupan/p_jfwycaaqjb/,嘉丰万悦城,售罄
/loupan/p_fbxzaaqjc/,富邦星座,售罄
/loupan/p_hkdyfaaqjd/,淮矿东元府,售罄
/loupan/p_dhsjcaaqjh/,东海水景城,售罄
/loupan/p_yxxhcaaqjl/,星汇花园,售罄
/loupan/p_xcxybdaaqjm/,新城香悦半岛,售罄
/loupan/p_jzyxxpyaaqjo/,佳兆业西溪璞园,售罄
/loupan/p_wkjxlsaaqjp/,万科郡西澜山,售罄
/loupan/p_jlcjtaaqmk/,九龙仓君廷,售罄
/loupan/p_rxxyfaaqod/,融信学院府,售罄
/loupan/p_wkhcaaqul/,万科杭宸,售罄
/loupan/p_flshyfaaqxr/,富力十号院,售罄
/loupan/p_jlclxaargl/,九龙仓珑玺,售罄
/loupan/p_dfjyaargn/,东方君悦,售罄
/loupan/p_xcxyafaargs/,新城香悦奥府,售罄
/loupan/p_dhxxfqaarhc/,西溪风情花园,售罄
/loupan/p_dxjcaarhd/,德信君宸,售罄
/loupan/p_sshshaarhg/,上实海上海,售罄
/loupan/p_bgyxjyaarhj/,碧桂园西江月,售罄
/loupan/p_zsjlcxyblaarhm/,雍荣华庭,售罄
/loupan/p_zqgsfaarim/,中企艮山府,售罄
/loupan/p_xysdjzaarjz/,鑫运时代金座,售罄
/loupan/p_xxhxhaarkl/,融创金成西溪海,售罄
/loupan/p_xxhxhaarkm/,融创金成西溪海,售罄
/loupan/p_lhwljlaarkq/,龙湖武林九里,售罄
/loupan/p_bjhjcaarkr/,滨江华家池,售罄
/loupan/p_tywhaarkv/,天阳文晖,售罄
/loupan/p_wkxdhaarkz/,万科新都会1958,售罄
/loupan/p_gywkgylaarle/,广宇万科公园里,售罄
/loupan/p_zsyhfaarlg/,雍和府,售罄
/loupan/p_djlcjlfaarln/,大家绿城金麟府,售罄
/loupan/p_bjdxdfxcaarlo/,滨江德信东方星城,售罄
/loupan/p_wkzygyaarls/,万科中央公园,售罄
/loupan/p_bjhcdjzxaarmc/,滨江华成大江之星,售罄
/loupan/p_flxxgyaarmr/,富力新线公园,售罄
/loupan/p_jdxxfhaarmv/,金地西溪风华,售罄
/loupan/p_bdzywmfaarmx/,北大资源未名府,售罄
/loupan/p_trsyzxaarne/,天润商业中心,售罄
/loupan/p_hyhjtaarnn/,华元花涧堂,售罄
/loupan/p_tywldaarno/,天阳武林邸,售罄
/loupan/p_dnqjlwaarnq/,东南钱江蓝湾,售罄
/loupan/p_wkjyfaarnr/,万科缦云坊,售罄
/loupan/p_jddyhfaarnx/,大运宸府,售罄
/loupan/p_zgtjxhgjcaaroe/,中国铁建西湖国际城,售罄
/loupan/p_hjjaarpf/,湖景居,售罄
/loupan/p_wtsyxxjyaarpk/,万科北宸之光三期拱宸,售罄
/loupan/p_bjbjhaaarps/,滨江铂金海岸,售罄
/loupan/p_skwcaarpt/,首开望宸,售罄
/loupan/p_yslaarpz/,艺尚里,售罄
/loupan/p_wkhsmyaarrk/,万科海上明月,售罄
/loupan/p_yxxyaarry/,云溪新语,售罄
/loupan/p_cwtxaarsc/,潮闻天下,售罄
/loupan/p_xryjtaarsu/,信融御金台,售罄
/loupan/p_lcjlclaxfaarsz/,绿城九龙仓柳岸晓风,售罄
/loupan/p_xzaarzx/,荀庄,售罄
/loupan/p_yfqcaasac/,野风启城,售罄
/loupan/p_xycfaasad/,溪悦宸府,售罄
/loupan/p_kesjwtaasaf/,科尔世纪外滩,售罄
/loupan/p_kesjwtaasag/,科尔世纪外滩,售罄
/loupan/p_nfshwaasaj/,光明尚海湾,售罄
/loupan/p_zctfaasak/,赞成檀府,售罄
/loupan/p_zctfaasal/,赞成檀府,售罄
/loupan/p_zgllxzaasam/,中港罗兰小镇,售罄
/loupan/p_xhxgllaasay/,新湖香格里拉,售罄
/loupan/p_xyxywaasbo/,兴耀星悦湾,售罄
/loupan/p_hyhlcaasnh/,华元欢乐城,售罄
/loupan/p_gstdctxggaasnt/,广厦天都城天熙公馆,售罄
/loupan/p_tdbsxcaaswf/,泰地北上新城,售罄
/loupan/p_hzmssydsaasxl/,杭州明石商业大厦,售罄
/loupan/p_hzglcaasxo/,杭州港龙城,售罄
/loupan/p_lctyxzaasyb/,绿城桃源小镇,售罄
/loupan/p_wkjxbsaasyn/,万科郡西,售罄
/loupan/p_hzxmkaasyo/,绿城运河郡,售罄
/loupan/p_jbwaatgj/,金铂湾,售罄
/loupan/p_cwtxaatwb/,潮闻天下,售罄
/loupan/p_jbltaatye/,江滨澜廷,售罄
/loupan/p_hrxhjzjjlaauqg/,之江九里,售罄
/loupan/p_bjdfhaaauri/,滨江东方海岸(萧山),售罄
/loupan/p_zazyyzaavbt/,朝阳银座,售罄
/loupan/p_jzyxxpyaavca/,佳兆业西溪璞园,售罄
/loupan/p_wkxwaavch/,万科溪望,售罄
/loupan/p_xjlsdzxaavcm/,向江来时代中心,售罄
/loupan/p_xxjlaavdf/,西溪君庐,售罄
/loupan/p_xhsdcaavnx/,旭辉时代城,售罄
/loupan/p_hgzyxrhfaavnz/,杭钢紫元旭润和府,售罄
/loupan/p_sdsjgjaavqq/,宋都时间国际,售罄
/loupan/p_hqkltxaavyl/,恒祺克拉天玺,售罄
/loupan/p_aksdycaavyr/,奥克斯缔逸城,售罄
/loupan/p_rxltaavzk/,融信澜天,售罄
/loupan/p_rxltaavzv/,融信澜天,售罄
/loupan/p_jdxxfhaawjl/,金地西溪风华,售罄
/loupan/p_sddjzxaawkh/,宋都东郡之星,售罄
/loupan/p_zgtjblxsaawks/,中国铁建保利像素,售罄
/loupan/p_wkxwaawlh/,万科溪望,售罄
/loupan/p_hjqhaaxcg/,新城红郡,售罄
/loupan/p_hdjltfaaxdp/,华鼎君临天峯,售罄
/loupan/p_ckkjdsaaxdu/,创客空间大厦,售罄
/loupan/p_mxdmsjaaxdy/,梦溪东明山居,售罄
/loupan/p_hrxhmdyxaaxef/,华瑞湘湖美地,售罄
/loupan/p_hhysjaaxeh/,杉杉恒和依山郡,售罄
/loupan/p_hhysjaaxej/,杉杉恒和依山郡,售罄
/loupan/p_hhygcaaxfw/,恒厚阳光城,售罄
/loupan/p_qtwtlsyxaaxgq/,钱塘梧桐蓝山,售罄
/loupan/p_mhmgceqaaxgu/,明华名港城二期,售罄
/loupan/p_mhmgceqaaxgy/,明华名港城二期,售罄
/loupan/p_dqsjaaxhc/,大奇山郡,售罄
/loupan/p_chxywaaxhn/,财和湘域湾,售罄
/loupan/p_hsdjwaaxhp/,湖山帝景湾,售罄
/loupan/p_csddgaaxhw/,CBC时代大观,售罄
/loupan/p_ldnjyhaaxhy/,绿都南江壹号,售罄
/loupan/p_thxxlaaxik/,天鸿香榭里,售罄
/loupan/p_gydyfaaxiq/,广宇鼎悦府,售罄
/loupan/p_kygcaaxiw/,开元广场,售罄
/loupan/p_sfdxaaxjb/,顺发堤香,售罄
/loupan/p_smzxaaxkn/,世茂中心,售罄
/loupan/p_zltydycaaxkt/,杭州大悦城,售罄
/loupan/p_fynzxaaxky/,富亿NEO中心,售罄
/loupan/p_yyhzdyhswqaaxle/,远洋杭州大运河商务区,售罄
/loupan/p_mxdmsjaaxln/,梦溪东明山居,售罄
/loupan/p_lcfcmgyaaxlo/,富春玫瑰园,售罄
/loupan/p_undefinedaaxlq/,理想银泰城,售罄
/loupan/p_blcsgcaaxmc/,宝龙城市广场,售罄
/loupan/p_xxlhaaxme/,西溪蓝海,售罄
/loupan/p_sdsjgjaaxog/,宋都时间国际,售罄
/loupan/p_flxxysaaxou/,富力西溪悦墅,售罄
/loupan/p_hjyytaaxuv/,合景映月台,售罄
/loupan/p_ldxhcaaxwg/,绿地旭辉城,售罄
/loupan/p_lhsjlcaaxwh/,龙湖水晶郦城,售罄
/loupan/p_lyysaaycp/,绿野御墅,售罄
/loupan/p_xxzhjkgaayig/,西溪智慧健康谷,售罄
/loupan/p_smzxhaayja/,世茂之西湖,售罄
/loupan/p_ghzxaaylj/,港汇中心,售罄
/loupan/p_lcyhjaaylk/,绿城运河郡,售罄
/loupan/p_cjxzyaayvd/,春江香樟苑,售罄
/loupan/p_rcjztaayvv/,融创玖樟台,售罄
/loupan/p_jywlfaaywm/,佳源未来府,售罄
/loupan/p_zjqtyjaaywu/,中骏钱塘御景,售罄
/loupan/p_wbcaaywz/,万宝城,售罄
/loupan/p_zggjaayyb/,浙港国际,售罄
/loupan/p_hxsjaayyy/,华夏四季,售罄
/loupan/p_bjxhwjzxaayyz/,滨江旭辉万家之星,售罄
/loupan/p_scsaayzz/,尚城墅,售罄
/loupan/p_wkwlcsqmxlaazba/,万科未来城三期梦溪里,售罄
/loupan/p_fltmgcaazcu/,富力天贸广场,售罄
/loupan/p_thsexsaazef/,通和十二橡树,售罄
/loupan/p_qshmgyaazeo/,青山湖玫瑰园,售罄
/loupan/p_bjjnzxaazev/,滨江江南之星,售罄
/loupan/p_nymdaazez/,南洋名都,售罄
/loupan/p_jlyaazfa/,郡乐苑,售罄
/loupan/p_dsdghyaazfr/,东厦东港花苑,售罄
/loupan/p_hzwtzxaazgc/,万通中心,售罄
/loupan/p_fccyxaazgd/,翡翠城三期,售罄
/loupan/p_xylylyaazgs/,星运丽园兰逸,售罄
/loupan/p_xhyhaazgx/,湘湖壹号,售罄
/loupan/p_wkjwaazhf/,万科君望,售罄
/loupan/p_wklzwhctqaazhg/,万科良渚文化村堂前,售罄
/loupan/p_dqgjaazhr/,大千古街,售罄
/loupan/p_ztjfaazib/,中天珺府,售罄
/loupan/p_sddjgjaazik/,宋都东郡国际,售罄
/loupan/p_glsdydyaazjr/,观澜时代云邸苑,售罄
/loupan/p_lcmthyaazkc/,绿城曼陀花园,售罄
/loupan/p_ahltaazkg/,澳海澜庭,售罄
/loupan/p_lhcjtxaazkj/,龙湖春江天玺,售罄
/loupan/p_xcxybdaaznv/,新城香悦半岛,售罄
/loupan/p_zjysaazny/,竹径云山,售罄
/loupan/p_mhmfabaim/,梅和名府,售罄
/loupan/p_hzglcabaiy/,杭州港龙城,售罄
/loupan/p_llfabajv/,玲珑府,售罄
/loupan/p_wdjzaball/,万都晶座,售罄
/loupan/p_bhlzhyabapb/,北湖绿洲花园,售罄
/loupan/p_cllhabaqp/,领航城,售罄
/loupan/p_zywllxeqabasj/,卓越蔚蓝领秀二期,售罄
/loupan/p_jsjyhlyabasr/,金世纪运河丽园,售罄
/loupan/p_thsexsabawl/,通和十二橡树,售罄
/loupan/p_xcxyggabaxp/,新城香悦公馆,售罄
/loupan/p_rchbzcabbix/,融创河滨之城雨澜轩,售罄
/loupan/p_rjhljyyxabbkf/,瑞金华丽嘉苑,售罄
/loupan/p_hdgyabbqn/,海德公园,售罄
/loupan/p_hcfabbrb/,和昌府,售罄
/loupan/p_xgxyoyabbsa/,香港兴业耦园,售罄
/loupan/p_xsqxfabbtk/,祥生群贤府,售罄
/loupan/p_xsqxfabbtm/,祥生群贤府,售罄
/loupan/p_rcsdacabbvn/,融创时代奥城,售罄
/loupan/p_lcyhcyabbwi/,绿城运河宸园,售罄
/loupan/p_jshzabbwm/,金色和庄,售罄
/loupan/p_lwqyabcdd/,雷威沁园,售罄
/loupan/p_lsxhfabcdj/,朗诗熙华府,售罄
/loupan/p_zdxjbdabcdo/,阳光城西郊半岛,售罄
/loupan/p_rcyqfabcds/,融创涌清府,售罄
/loupan/p_xsqtxyabcdz/,祥生钱塘新语,售罄
/loupan/p_bjjmfabcfz/,滨江金茂府,售罄
/loupan/p_ftychtabchp/,复泰雅宸华庭,售罄
/loupan/p_ftychtabchu/,复泰雅宸华庭,售罄
/loupan/p_whszabcia/,望湖山庄,售罄
/loupan/p_ylhyabcja/,玉兰花园,售罄
/loupan/p_tywhabcjm/,天阳文晖,售罄
/loupan/p_zsgjzxabckf/,浙商国际中心,售罄
/loupan/p_zdytcabcko/,阳光银泰城,售罄
/loupan/p_jlwabcld/,九龙湾,售罄
/loupan/p_sdcggjabcll/,宋都晨光国际,售罄
/loupan/p_tpyyzabcln/,太平洋银座,售罄
/loupan/p_yqxtdabcls/,义桥星天地,售罄
/loupan/p_jssjdsabclt/,金沙世纪大厦,售罄
/loupan/p_cxsygcabclv/,崇贤上亿广场,售罄
/loupan/p_ssgjabcly/,山水国际,售罄
/loupan/p_hrwxhabcmb/,华润万象汇,售罄
/loupan/p_ythwgjabcmk/,银泰海威国际,售罄
/loupan/p_zczxabcms/,赞成中心,售罄
/loupan/p_ycsdzxabcob/,元成时代中心,售罄
/loupan/p_zggjabcop/,浙港国际,售罄
/loupan/p_yhdsabcor/,原禾大厦,售罄
/loupan/p_zlcsggabcow/,中旅城仕公馆,售罄
/loupan/p_hzwdgcabcpa/,杭州万达广场,售罄
/loupan/p_sdljgjabcpb/,宋都丽郡国际,售罄
/loupan/p_ldzygcabcpe/,绿地中央广场,售罄
/loupan/p_jwcabcpf/,铁建万科江湾城,售罄
/loupan/p_xtdgcabcqh/,新天地G193广场,售罄
/loupan/p_zjnxxszabcqk/,中节能西溪首座,售罄
/loupan/p_jjmdabcqy/,金街美地,售罄
/loupan/p_dhxhcabcrj/,东海闲湖城,售罄
/loupan/p_sbldjscabcrr/,沈半路灯具市场,售罄
/loupan/p_blzyggabcsr/,保利中心,售罄
/loupan/p_thmhyabcyk/,天鸿美和院,售罄
/loupan/p_wlwtabdde/,武林外滩,售罄
/loupan/p_yxxhscabdes/,越秀星汇尚城,售罄
/loupan/p_jdyjabdet/,金地艺境,售罄
/loupan/p_yglccabdey/,英冠乐创城,售罄
/loupan/p_zhgjabdez/,中豪国际,售罄
/loupan/p_wtylabdga/,梧桐燕庐,售罄
/loupan/p_jjgjcfzxabdmf/,玖玖国际财富中心,售罄
/loupan/p_lztcabdnz/,蓝钻天成,售罄
/loupan/p_wlceqabdoi/,万科未来城二期,售罄
/loupan/p_jngjsccabdpo/,江南国际丝绸城,售罄
/loupan/p_jngjsccabdpp/,江南国际丝绸城,售罄
/loupan/p_ztydabdqw/,中铁九逸,售罄
/loupan/p_xhbjdfyfabdsd/,旭辉滨江东方悦府,售罄
/loupan/p_yxwdlzxabdsv/,越秀维多利中心,售罄
/loupan/p_dhlywabdsx/,东晖龙悦湾,售罄
/loupan/p_xylylyabdsy/,星运丽园兰逸,售罄
/loupan/p_bgyslgjabdub/,碧桂园深蓝国际,售罄
/loupan/p_xcwsfhabduy/,新城龙湖湾上风华,售罄
/loupan/p_hjyytabdzk/,合景映月台,售罄
/loupan/p_wjgjabeby/,旺君国际,售罄
/loupan/p_rxxyfabejw/,融信学院府,售罄
/loupan/p_jslmsqabelj/,金色黎明三期,售罄
/loupan/p_rxyxsfabemh/,融信永兴首府,售罄
/loupan/p_zhqgabemm/,中豪七格,售罄
/loupan/p_rxyxsfabeng/,融信永兴首府,售罄
/loupan/p_dfmlabeox/,东方铭楼,售罄
/loupan/p_hyhlcabeph/,华元欢乐城,售罄
/loupan/p_jyyyjcaberx/,佳源优优锦城,售罄
/loupan/p_bdzywmfabesx/,北大资源未名府,售罄
/loupan/p_hytebabewe/,华元天鹅堡,售罄
/loupan/p_jrtfabexy/,景瑞天赋,售罄
/loupan/p_bjxcdfmfabexz/,滨江新城东方名府,售罄
/loupan/p_xtdjssgabeys/,新天地金色时光,售罄
/loupan/p_zyjclabeza/,中赢金城里,售罄
/loupan/p_kltlabezb/,昆仑天籁,售罄
/loupan/p_zyjclabezv/,中赢金城里,售罄
/loupan/p_yjlgjhyabfce/,雅居乐国际花园,售罄
/loupan/p_jykgggabfhf/,金隅空港公馆,售罄
/loupan/p_rcjcwlhabfhi/,融创金成未来海,售罄
/loupan/p_qjzjxtdabfhq/,钱江之江新天地,售罄
/loupan/p_jatxyxabfhr/,金岸提香,售罄
/loupan/p_ftychtabfis/,复泰雅宸华庭,售罄
/loupan/p_swjzabfkr/,四维金座,售罄
/loupan/p_fcgglyabfkx/,富春硅谷,售罄
/loupan/p_nzgcabfla/,南钻广场,售罄
/loupan/p_tdgcabflt/,天达广场,售罄
/loupan/p_shgjabfpp/,三花国际,售罄
/loupan/p_hczjswzxabfqh/,合诚之江商务中心,售罄
/loupan/p_lcxxsjgcabfrc/,绿城西溪世纪广场,售罄
/loupan/p_lpxzgjabfry/,临平西子国际,售罄
/loupan/p_jyyzabfrz/,佳源银座,售罄
/loupan/p_lghzdbcxzxabfsi/,绿谷杭州东部创新中心,售罄
/loupan/p_tczyfabfsp/,状元府,售罄
/loupan/p_rxxsggabfts/,融信萧山公馆,售罄
/loupan/p_jtlcmzgjabfuy/,交投绿城明珠国际,售罄
/loupan/p_qdhyyabgdm/,千岛湖嘉苑,售罄
/loupan/p_dxdwabggt/,德信东望,售罄
/loupan/p_zcsfabglf/,赞成首府,售罄
/loupan/p_qjxxhjabgmf/,钱江西溪和景,售罄
/loupan/p_rxlkqabgqz/,融信蓝孔雀,售罄
/loupan/p_fycfzxabgra/,富阳财富中心,售罄
/loupan/p_ksxbabgrb/,昆盛肖邦,售罄
/loupan/p_yglccabgvc/,英冠乐创城,售罄
/loupan/p_rxjnxfabgzz/,融信江南学府,售罄
/loupan/p_blrxdgjabham/,保利融信大国璟,售罄
/loupan/p_wkwlcsqmxlabhbj/,万科未来城三期梦溪里,售罄
/loupan/p_bgytlfabhbq/,碧桂园天麓府,售罄
/loupan/p_fcxtdabhga/,富春新天地,售罄
/loupan/p_gstdctxabhpv/,广厦天都城滨沁&沁源公寓,售罄
/loupan/p_yhfabibr/,雍和府,售罄
/loupan/p_xcxyggabidn/,新城香悦公馆,售罄
/loupan/p_dxfabijp/,东新府,售罄
/loupan/p_xsypxyabind/,祥生云浦新语,售罄
/loupan/p_xjlsdzxabipv/,向江来时代中心,售罄
/loupan/p_hfswzxabiqo/,西溪曼哈顿,售罄
/loupan/p_hczxabirp/,华策中心,售罄
/loupan/p_lhtjabitw/,龙湖天钜,售罄
/loupan/p_wkqxlabiuc/,万科劝学里,售罄
/loupan/p_wjjzxabiyz/,万佳居,售罄
/loupan/p_zchjabjbe/,赞成杭家,售罄
/loupan/p_xxsjfabjes/,西溪十九府,售罄
/loupan/p_skwlabjjr/,首开武林8栋,售罄
/loupan/p_bjyfabjrf/,宝嘉誉府,售罄
/loupan/p_tywldabjrh/,天阳武林邸,售罄
/loupan/p_stczgyabjsl/,远洋招商上塘宸章,售罄
/loupan/p_yzbzjabjsm/,禹洲滨澜铭座,售罄
/loupan/p_xhjyfabjsu/,旭辉珺悦府,售罄
/loupan/p_hrqlabjwi/,华瑞晴庐,售罄
/loupan/p_qthkdxabkjp/,钱塘航空大厦,售罄
/loupan/p_chjydxabklt/,采荷嘉业大厦,售罄
/loupan/p_jrygcflgyabklw/,景瑞阳光城法兰公园,售罄
/loupan/p_skhzjmfabknr/,首开杭州金茂府,售罄
/loupan/p_qjyfabksx/,钱江御府,售罄
/loupan/p_zocablbd/,中欧城,售罄
/loupan/p_bgyyxfablco/,碧桂园越溪府,售罄
/loupan/p_wkqxlableh/,万科劝学里,售罄
/loupan/p_xxzhjkgablgx/,西溪智慧健康谷,售罄
/loupan/p_yxqalabltr/,越秀亲爱里,售罄
/loupan/p_ycndyablvp/,易辰江南大院,售罄
/loupan/p_smqttyabmgg/,世茂钱塘天誉,售罄
/loupan/p_ysjlabmgq/,云山九里,售罄
/loupan/p_znyfabmhm/,中南樾府,售罄
/loupan/p_lctlcfabmht/,绿城桃李春风,售罄
/loupan/p_rxggaabmij/,融信公馆arc,售罄
/loupan/p_zocabmln/,中欧城,售罄
/loupan/p_ghlcabmlp/,绿地G合里金宸,售罄
/loupan/p_pyggabmls/,璞玉公馆,售罄
/loupan/p_lscjabmmq/,蓝色春江,售罄
/loupan/p_zjcfzxabmoj/,中交财富中心,售罄
/loupan/p_hrzxabmpx/,华瑞中心,售罄
/loupan/p_hjtlabmsx/,合景天銮,售罄
/loupan/p_xxxcsabmue/,西溪新城市,售罄
/loupan/p_jnsdgwzxabmuf/,江南时代购物中心,售罄
/loupan/p_ojyabmvh/,O纪元,售罄
/loupan/p_ygytcabmvi/,阳光银泰城,售罄
/loupan/p_dfmlabnbe/,东方铭楼,售罄
/loupan/p_hyfmtabnbf/,临平芳满庭,售罄
/loupan/p_rcjztabnbg/,融创玖樟台,售罄
/loupan/p_dxhzzyabnbw/,德信杭州之翼,售罄
/loupan/p_xfgcwtabnca/,西房拱宸外滩,售罄
/loupan/p_fdyzxabnco/,复地壹中心,售罄
/loupan/p_jggjabncp/,京港国际,售罄
/loupan/p_lygcabndi/,力雅广场,售罄
/loupan/p_byggabndu/,柏悦公馆,售罄
/loupan/p_lsyfabnmv/,朗诗乐府,售罄
/loupan/p_hqkltxabnmw/,恒祺克拉天玺,售罄
/loupan/p_bcgsfabnrs/,北辰国颂府,售罄
/loupan/p_wkrxxytabnsl/,万科融信西雅图,售罄
/loupan/p_xhhcdhsabntu/,旭辉和昌都会山,售罄
/loupan/p_yyyglabnvh/,远洋雁归里,售罄
/loupan/p_wkzgabnvs/,万科智谷,售罄
/loupan/p_pldfabnyi/,璞丽东方,售罄
/loupan/p_ldtlfabnyn/,绿都汀蘭府,售罄
/loupan/p_rxblcsjabnze/,融信保利创世纪,售罄
/loupan/p_xyxlzcaboaq/,星耀星澜之城,售罄
/loupan/p_xfyhggabobf/,西房余杭公馆,售罄
/loupan/p_fcggabobr/,富春硅谷,售罄
/loupan/p_omjrcabobs/,欧美金融城,售罄
/loupan/p_rcfcyhyaboby/,融创富春壹号院,售罄
/loupan/p_rcdlfabodn/,融创东麟府,售罄
/loupan/p_rcjcjnfabods/,融创金成江南府,售罄
/loupan/p_rcwhcabodv/,融创望海潮,售罄
/loupan/p_jssjdsabogp/,金沙世纪大厦,售罄
/loupan/p_qmgyabogq/,中巢起梦公园,售罄
/loupan/p_ygcflgyaboha/,阳光城翡丽公园,售罄
/loupan/p_ddslabohm/,大都尚澜,售罄
/loupan/p_yxxyaboiz/,云溪新语,售罄
/loupan/p_rcyhyabokn/,融创宜和园,售罄
/loupan/p_xdbjypabolf/,信达滨江壹品,售罄
/loupan/p_lhlcggabols/,龙湖郦城公馆,售罄
/loupan/p_rafcbdabolu/,荣安翡翠半岛,售罄
/loupan/p_fqcmabomb/,凤起潮鸣,售罄
/loupan/p_hsmyltabome/,海上明月澜庭,售罄
/loupan/p_rhwljabomg/,招商武林郡,售罄
/loupan/p_bjblfchaabomh/,滨江保利翡翠海岸,售罄
/loupan/p_lcjfqyabomk/,绿城建发沁园,售罄
/loupan/p_bjcsdjmzabomm/,滨江春盛大江名筑,售罄
/loupan/p_ldyhhabomn/,绿都云和湖,售罄
/loupan/p_yrxyhfabomu/,雨润星雨华府,售罄
/loupan/p_zlmqxyabond/,中粮梦栖祥云,售罄
/loupan/p_zsyxgyabonj/,招商越秀公园1872,售罄
/loupan/p_zhqjwabonl/,中海钱江湾,售罄
/loupan/p_ygcwlyabonm/,阳光城未来悦MAX,售罄
/loupan/p_hjyyyabonn/,和家园雍园,售罄
/loupan/p_lhtpabont/,龙湖天璞,售罄
/loupan/p_qjchfabonu/,钱江彩虹府,售罄
/loupan/p_jyxhyxabonv/,佳源湘湖印象,售罄
/loupan/p_byzxabooa/,汇高栢悦中心,售罄
/loupan/p_xhbldhcabood/,旭辉宝龙东湖城,售罄
/loupan/p_xhbldhcabooe/,旭辉宝龙东湖城,售罄
/loupan/p_dhyjaboof/,都会艺境,售罄
/loupan/p_lcjlcgyjnaboog/,绿城九龙仓桂语江南,售罄
/loupan/p_hwxjabooh/,海威新界,售罄
/loupan/p_bylcadgjabooi/,保亿绿城奥邸国际,售罄
/loupan/p_zlmmfabook/,中旅名门府,售罄
/loupan/p_ygctyaboon/,阳光城檀悦,售罄
/loupan/p_jhxlxbabopb/,金辉贤林信步,售罄
/loupan/p_xhhcdhsabopf/,旭辉和昌都会山,售罄
/loupan/p_zyyjabopm/,中赢云际,售罄
/loupan/p_dkcxgjaboqt/,迪凯城星国际,售罄
/loupan/p_zlzjmmabouq/,中旅紫金名门,售罄
/loupan/p_dhyjabqmp/,都会艺境,售罄
/loupan/p_dhyjabqmq/,都会艺境,售罄
/loupan/p_yyyglabqoj/,远洋雁归里,售罄
/loupan/p_zltydycabqsi/,杭州大悦城,售罄
/loupan/p_byzxabqtj/,保亿中心,售罄
/loupan/p_ztjfabqwe/,中天珺府,售罄
/loupan/p_tczyfabqwf/,通策状元府,售罄
/loupan/p_dxdjyzabqwm/,德信大江源著,售罄
/loupan/p_hzyhyabqwv/,杭州壹号院,售罄
/loupan/p_jyxhyxabqxb/,佳源湘湖印象,售罄
/loupan/p_rcwfzcabqyo/,融创微风之城,售罄
/loupan/p_rcjcsjtabqyr/,融创金成十锦台,售罄
/loupan/p_dyywlabqyt/,东原印未来,售罄
/loupan/p_yglccabrtr/,英冠乐创城,售罄
/loupan/p_hzzyczgcabrud/,杭州中央车站广场,售罄
/loupan/p_blrxdgjabrug/,保利融信大国璟,售罄
/loupan/p_sdxcyfabrve/,宋都新宸悦府,售罄
/loupan/p_sxyhabrvp/,苕溪壹号,售罄
/loupan/p_sdjcfabrvx/,宋都江宸府,售罄
/loupan/p_flxxyjabrwe/,富力西溪悦居,售罄
/loupan/p_blzxabrwj/,保利中心,售罄
/loupan/p_nbsdgjabrxn/,南北盛德国际,售罄
/loupan/p_zaxjlabryg/,众安学君里,售罄
/loupan/p_xhdywyfabryi/,旭辉东原吴越府,售罄
/loupan/p_wgglfabryl/,万固观澜府,售罄
/loupan/p_lpfmtabrzp/,临平芳满庭,售罄
/loupan/p_xnzabrzw/,星南站,售罄
/loupan/p_jykjabsdi/,居艺空间,售罄
/loupan/p_nrmzabsdu/,南润名座,售罄
/loupan/p_djdblgcabsdw/,大江东宝龙广场,售罄
/loupan/p_hjyzyabsea/,和家园臻园,售罄
/loupan/p_xxylcabtxj/,西溪永乐城,售罄
/loupan/p_hwxjabtxn/,海威新界,售罄
/loupan/p_yhggabxcu/,运河公馆,售罄
/loupan/p_yhggabxcv/,运河公馆,售罄
/loupan/p_lctyxzabxde/,绿城桃源小镇,售罄
/loupan/p_lcxkgjabxfw/,绿城雄凯国际,售罄
/loupan/p_lhxxtjabxga/,龙湖西溪天街,售罄
/loupan/p_lxsjjzabxgq/,理想世纪金座,售罄
/loupan/p_xcjjggabxgr/,新城璟隽公馆,售罄
/loupan/p_lfclysabxgs/,联发藏珑玉墅,售罄
/loupan/p_lfclysabxgt/,联发藏珑玉墅,售罄
/loupan/p_bdzyyhjnabxgx/,北大资源颐和江南,售罄
/loupan/p_bjjnmfabxiz/,滨江江南名府,售罄
/loupan/p_bylcadgjabxkm/,保亿绿城奥邸国际,售罄
/loupan/p_pgytdabxkn/,蒲公英天地,售罄
/loupan/p_qfsyabxkx/,青枫墅园,售罄
/loupan/p_hcyqjzabxlh/,和昌云栖玖著,售罄
/loupan/p_xxhxzacfaq/,新西湖小镇,售罄
/loupan/p_najdhyacfca/,南岸晶都花园,售罄
/loupan/p_xhjyfacfdp/,旭辉珺悦府,售罄
/loupan/p_znbmhyhacfdr/,中南白马湖壹号,售罄
/loupan/p_zyyzacfds/,朝阳银座,售罄
/loupan/p_blrxdgjacjsc/,保利融信大国璟,售罄
/loupan/p_rcwfzcacjsp/,融创微风之城,售罄
/loupan/p_smtcacjsz/,茂宸金座,售罄
/loupan/p_aksdycacjum/,奥克斯缔逸城,售罄
/loupan/p_fccyxaahvb/,翡翠城三期,售罄
/loupan/p_dtlcyljaahvc/,绿城杨柳郡,售罄
/loupan/p_lctlcfaahwi/,绿城桃李春风,售罄
/loupan/p_lczjyhaahwt/,绿城之江1号,售罄
/loupan/p_lcjlcqtmyaaifl/,绿城九龙仓钱塘明月,售罄
/loupan/p_hzxsjgcbidpz/,杭州新世纪广场,售罄
/loupan/p_zdgjbidqi/,中栋国际,售罄
/loupan/p_ksysjbidqq/,上坤山语四季,售罄
/loupan/p_sdlcfbidub/,宋都麓宸府,售罄
/loupan/p_ygcjwbiduq/,阳光城丽景湾,售罄
/loupan/p_tzhbidwd/,糖朝,售罄
/loupan/p_bgyjcfbidwz/,碧桂园玖晟府,售罄
/loupan/p_dfwhybxjbieab/,东方文化园步行街,售罄
/loupan/p_gsdbiebn/,成龙官山邸,售罄
/loupan/p_hgstfbiefn/,杭钢尚堂府,售罄
/loupan/p_flshyqbiegm/,富力十号一期,售罄
/loupan/p_wkzgbieiv/,万科智谷,售罄
/loupan/p_smdyhbiejs/,世茂东壹号,售罄
/loupan/p_bjxcdfmfbietd/,滨江新城东方名府,售罄
/loupan/p_hzjlzxbifmp/,杭州嘉里中心,售罄
/loupan/p_zjbjwbifnf/,中骏柏景湾,售罄
/loupan/p_zzzybgsjbifqo/,振泽左右办公世界,售罄
/loupan/p_dxzltkzybihiu/,德信浙旅天空之翼,售罄
/loupan/p_xhdywyfbildi/,旭辉东原吴越府,售罄
/loupan/p_djjyfbiljd/,大家金钰府,售罄
/loupan/p_lablgcbillp/,临安宝龙广场,售罄
/loupan/p_czfbilry/,城中府,售罄
/loupan/p_tylgwlbilts/,天阳蓝光蔚蓝,售罄
/loupan/p_gnyxtbiltt/,国能悦玺台,售罄
/loupan/p_lcgjsqbilua/,绿城国际社区,售罄
/loupan/p_ztfccpeqbilut/,中天富春诚品二期,售罄
/loupan/p_qswgcbiluv/,群升星河印象中心,售罄
/loupan/p_qdhyrxyhfbimay/,千岛湖雨润星雨华府,售罄
/loupan/p_sdxxfbimhr/,宋都相贤府,售罄
/loupan/p_wkgydfbimly/,万锦花苑,售罄
/loupan/p_wkcqdfbimmd/,万科潮起东方,售罄
/loupan/p_jdjfhbimmk/,金地玖峯汇,售罄
/loupan/p_wkcqdfbimmm/,万科潮起东方,售罄
/loupan/p_yhwkzxbimmt/,运河万科中心,售罄
/loupan/p_jdjfhbimuf/,金地玖峯汇,售罄
/loupan/p_blrxhgcybimvz/,保利融信和光尘樾,售罄
/loupan/p_yxhsybimwi/,越秀湖山悦,售罄
/loupan/p_hjtybimwu/,合景天誉,售罄
/loupan/p_xyzxbinbi/,星耀中心,售罄
/loupan/p_ygcgcfbincb/,阳光城拱宸府,售罄
/loupan/p_hcyqjzbingm/,和昌云栖玖著,售罄
/loupan/p_jdbjwkyhwbinjd/,金地滨江万科悦虹湾,售罄
/loupan/p_jkqtbcbinmt/,金科博翠碧蓝湾,售罄
/loupan/p_zhyfhbinmx/,资辉壹方汇,售罄
/loupan/p_jhjsyzbinof/,金辉久尚云筑,售罄
/loupan/p_zlshbyggbinqa/,中梁申花百悦公馆,售罄
/loupan/p_qwgjsqbinrb/,前湾江上湾,售罄
/loupan/p_pyggbinsb/,璞玉公馆,售罄
/loupan/p_rcjnyhybinse/,融创江南壹号院,售罄
/loupan/p_jcfbinwv/,龙湖璟宸府,售罄
/loupan/p_hwkjybiqhd/,恒伟科技园,售罄
/loupan/p_jcfbiqpf/,龙湖璟宸府,售罄
/loupan/p_sdbjfczxbiqtt/,时代滨江翡翠之星,售罄
/loupan/p_zsibiqxs/,汇铂金座,售罄
/loupan/p_blxhcbiqzl/,宝龙旭辉城,售罄
/loupan/p_skhzjmfbiqzw/,首开杭州金茂府,售罄
/loupan/p_lhjycbircw/,龙湖江与城,售罄
/loupan/p_rxyylwnbirix/,融信远洋厘望,售罄
/loupan/p_tcftzbiuhj/,天城府天著,售罄
/loupan/p_sdrycjbiuin/,宋都如意春江,售罄
/loupan/p_bgyzlfmggbivps/,碧桂园中梁凤鸣公馆,售罄
/loupan/p_ctxfbivpy/,春天学府,售罄
/loupan/p_cjczlfbivqf/,融创金成臻蓝府,售罄
/loupan/p_ycygtjbivtn/,银城云谷天境,售罄
/loupan/p_hbwtbiwbb/,湖滨外滩,售罄
/loupan/p_jstybiwhh/,锦上桃源,售罄
/loupan/p_hymzbiwil/,杭佑名座,售罄
/loupan/p_cszxbiwjf/,武林之光,售罄
/loupan/p_hzdjbiwlw/,杭州大家,售罄
/loupan/p_dxjxyzbiwns/,德信九溪云庄,售罄
/loupan/p_dxjmjyfbiwpn/,德信金茂佳源府,售罄
/loupan/p_ydfbixhp/,御东方,售罄
/loupan/p_dyxhpybixnu/,东原旭辉璞阅,售罄
/loupan/p_dyxhpybixog/,东原旭辉璞阅,售罄
/loupan/p_jdgcbixqp/,金地广场,售罄
/loupan/p_bjdfhabixqz/,滨江东方海岸(萧山),售罄
/loupan/p_zhycbixrg/,中海云宸,售罄
/loupan/p_dxjxyzbixwu/,德信九溪云庄,售罄
/loupan/p_blbjspbiyqz/,保利滨江上品,售罄
/loupan/p_dhfhbiyra/,都会风华,售罄
/loupan/p_ldysfbiyrk/,绿地艺尚府,售罄
/loupan/p_rxxhxhyzbiyrl/,融信旭辉湘湖悦章,售罄
/loupan/p_rcjcpydgbiyvl/,融创金成璞樾大观,售罄
/loupan/p_djqxbiyvp/,大家栖溪,售罄
/loupan/p_xhzllxjbiyvu/,旭辉中粮朗香郡,售罄
/loupan/p_ralawybiywe/,荣安柳岸闻莺,售罄
/loupan/p_xhflsbiywi/,新湖菲林山,售罄
/loupan/p_xxwbjjlfbiyxj/,新希望滨江锦粼府,售罄
/loupan/p_rxxhxhyzbizmg/,融信旭辉湘湖悦章,售罄
/loupan/p_byxhhybjaiw/,保亿湘湖和院,售罄
/loupan/p_rcxybjbji/,瑞城熙园,售罄
/loupan/p_jlcyjsbjces/,九龙仓雍景山,售罄
/loupan/p_rcjnyhybjcgp/,融创江南壹号院,售罄
/loupan/p_hzjsfhbjdbe/,杭州江山风华,售罄
/loupan/p_rcjcsjtbjdck/,融创金成十锦台,售罄
/loupan/p_ralawybjddi/,荣安柳岸闻莺,售罄
/loupan/p_sdxxfbjdtj/,宋都相贤府,售罄
/loupan/p_ygcslhbjdva/,阳光城上林湖,售罄
/loupan/p_xycbjdvf/,嘻游城,售罄
/loupan/p_byxhhybjele/,保亿湘湖和院,售罄
/loupan/p_hflcbjemf/,杭房揽翠,售罄
/loupan/p_jmskgybjemp/,金茂首开国樾,售罄
/loupan/p_yxjryjsbjemu/,越秀景瑞悦见山,售罄
/loupan/p_lhcjtybjemv/,龙湖春江天越,售罄
/loupan/p_fhjtbjenc/,风荷锦庭,售罄
/loupan/p_zaxjlbjene/,众安学君里,售罄
/loupan/p_lcyqthybjenz/,绿城云栖桃花源,售罄
/loupan/p_flxxgybjeok/,富力新线公园,售罄
/loupan/p_wkdxgbjeuu/,万科大溪谷,售罄
/loupan/p_xsldjhfbjevb/,祥生绿都京杭府,售罄
/loupan/p_xsldjhfbjevg/,祥生绿都京杭府,售罄
/loupan/p_cllhcbjevi/,领航城,售罄
/loupan/p_zdwxyhkjybjevk/,浙大网新银湖科技园,售罄
/loupan/p_hwkjybjevo/,恒伟科技园,售罄
/loupan/p_fhjtbjevp/,风荷锦庭,售罄
/loupan/p_ztwkqcbjevu/,中天万科启宸,售罄
/loupan/p_ljyyjnyzbjews/,路劲远洋江南院子,售罄
/loupan/p_ljyyjnyzbjewv/,路劲远洋江南院子,售罄
/loupan/p_lchlbjeww/,绿城和庐,售罄
/loupan/p_zdwxyhkjybjexx/,浙大网新银湖科技园,售罄
/loupan/p_ldhjcybjeyk/,绿地华家池印,售罄
/loupan/p_xhdygbfbjeyz/,旭辉东原国滨府,售罄
/loupan/p_hdlxjbjeze/,恒大林溪郡,售罄
/loupan/p_hdlxjbjezg/,恒大林溪郡,售罄
/loupan/p_hlbtjbjezk/,海伦堡棠锦,售罄
/loupan/p_yxxcbjezo/,印象新城,售罄
/loupan/p_hxjhcbjezr/,和谐江和城,售罄
/loupan/p_wkhsmybjfdj/,万科海上明月,售罄
/loupan/p_wkjwbjgji/,万科君望,售罄
/loupan/p_dmchfbjgjj/,雅棠轩,售罄
/loupan/p_dxsxfbjgkr/,德信市心府,售罄
/loupan/p_dxsxfbjgkt/,德信市心府,售罄
/loupan/p_dzydbjgms/,东哲云邸,售罄
/loupan/p_lccfyybjgrf/,蓝城春风燕语,售罄
/loupan/p_wkxwbjgrm/,万科西望,售罄
/loupan/p_akssdwlzcbjgsk/,奥克斯时代未来之城,售罄
/loupan/p_jyxxyxbjgtf/,佳源西溪印象,售罄
/loupan/p_rcyhybjgul/,融创宜和园,售罄
/loupan/p_gkdffhtbjhcx/,国开东方凤凰台,售罄
/loupan/p_bdzyyhjnbjhph/,北大资源颐和江南,售罄
/loupan/p_bgywjtbjidi/,碧桂园望江台,售罄
/loupan/p_jmskgybjifg/,金茂首开国樾,售罄
/loupan/p_rcjcwlhbjigi/,融创金成未来海,售罄
/loupan/p_zrzsxwlbjijd/,中锐招商星未来,售罄
/loupan/p_zhxhgjbjimr/,中豪湘和国际,售罄
/loupan/p_xxmhdbjind/,西溪曼哈顿,售罄
/loupan/p_jdfhdfbjinj/,金地风华东方,售罄
/loupan/p_ycygtjbjisc/,银城云谷天境,售罄
/loupan/p_wkxwbjiyt/,万科西望,售罄
/loupan/p_ldjwlbjiyv/,绿都鉴未来,售罄
/loupan/p_ldjwlbjiyx/,绿都鉴未来,售罄
/loupan/p_hbwtbjjbe/,湖滨外滩,售罄
/loupan/p_jmwkxdhbjjlt/,富景都会公寓,售罄
/loupan/p_bcfmtbjjqt/,北城芳满庭,售罄
/loupan/p_xghbjjqv/,星光荟,售罄
/loupan/p_bcfmtbjjro/,北城芳满庭,售罄
/loupan/p_stbjjsb/,随塘,售罄
/loupan/p_ycjndybjkcp/,易辰江南大院,售罄
/loupan/p_flyjsxqbjkdj/,富力御江山小区,售罄
/loupan/p_hzjsfhbjkjz/,杭州江山风华,售罄
/loupan/p_stbjkkd/,随塘,售罄
/loupan/p_xhdygbfbjkki/,旭辉东原国滨府,售罄
/loupan/p_bjxxwycfbjklo/,滨江新希望拥潮府,售罄
/loupan/p_xyjlbjkmr/,兴耀锦里,售罄
/loupan/p_hjtybjknq/,合景天誉,售罄
/loupan/p_cszxbjkpx/,武林之光,售罄
/loupan/p_xszjyjbjlaj/,祥生云境,售罄
/loupan/p_xszjyjbjlal/,祥生云境,售罄
/loupan/p_jcytewbjlap/,金成英特尔湾,售罄
/loupan/p_czysjbjlda/,城镇依山郡,售罄
/loupan/p_gydgkjbjlmi/,广宇东港空间,售罄
/loupan/p_wkgydfbjmvq/,万锦花苑,售罄
/loupan/p_ylfbjndf/,雍澜府,售罄
/loupan/p_blcpbjndj/,保利澄品,售罄
/loupan/p_jrjxltbjndq/,景瑞镜溪绿汀,售罄
/loupan/p_jdxgyxbjnec/,金都夏宫,售罄
/loupan/p_bjjdypbjnes/,滨江金地御品,售罄
/loupan/p_zlydhbjnfb/,中梁云玺,售罄
/loupan/p_xxwbjjcbjnir/,新希望滨江锦宸,售罄
/loupan/p_zjlxsdfhbjniz/,中交理想时代芳华,售罄
/loupan/p_zjlxsdfhbjnjd/,中交理想时代芳华,售罄
/loupan/p_bjcsdjmzbjofo/,滨江春盛大江名筑,售罄
/loupan/p_lfcldjbjpcv/,联发藏珑大境,售罄
/loupan/p_lfcldjbjpcx/,联发藏珑大境,售罄
/loupan/p_yxzstyjwbjpem/,云悦湾,售罄
/loupan/p_tyyqmlbjphm/,天阳云栖梅林,售罄
/loupan/p_tyyqmlbjphr/,天阳云栖梅林,售罄
/loupan/p_hlqtggbjqhv/,华联钱塘公馆,售罄
/loupan/p_sdryxhbjrtp/,宋都如意溪湖,售罄
/loupan/p_yxxhabjrvu/,越秀星悦城,售罄
/loupan/p_mhjxbjsmx/,美晟府,售罄
/loupan/p_rcjcpydgbjsso/,融创金成璞樾大观,售罄
/loupan/p_rxyylwnbjsvx/,融信远洋厘望,售罄
/loupan/p_zqrzybjswu/,中庆润泽院,售罄
/loupan/p_aksjcjhbjuii/,奥克斯金宸玖和府,售罄
/loupan/p_wxsdbjulf/,万象上东,售罄
/loupan/p_ldjkhnwhbjulj/,绿都金科和宁文华府,售罄
/loupan/p_akssdwlzcbjuqv/,奥克斯时代未来之城,售罄
/loupan/p_zlmmfxjbjvem/,中旅名门府新境,售罄
/loupan/p_smcclcbjvrc/,世茂璀璨澜宸,售罄
/loupan/p_zgztndlxfbjvsp/,中国中铁溪畔云璟府,售罄
/loupan/p_rcdlfbjwrf/,融创东麟府,售罄
/loupan/p_rcycfbjxcs/,云潮府,售罄
/loupan/p_hgwlhbjxdw/,汉港武林汇,售罄
/loupan/p_ygcssyjfbjxge/,阳光城山水悦江府,售罄
/loupan/p_byfjwlcbjxij/,保亿麓语湖苑,售罄
/loupan/p_wlscbjxio/,龙湖武林上城,售罄
/loupan/p_fqqcbjxiv/,凤起钱潮,售罄
/loupan/p_ldyzgybjxjd/,绿地亚洲公园,售罄
/loupan/p_dxsdggbjxkd/,德信时代公馆,售罄
/loupan/p_xcfbjxqw/,贤辰府,售罄
/loupan/p_xjbjxvo/,新视界公寓,售罄
/loupan/p_dxsxfbjxzr/,雅颂市心府,售罄
/loupan/p_aksjcjhfbjxzv/,奥克斯金宸玖和府,售罄
/loupan/p_sjjcbjyar/,世宸名府,售罄
/loupan/p_sjjcbjyat/,世宸名府,售罄
/loupan/p_sjjcbjyav/,世宸名府,售罄
/loupan/p_dxsdggbjybb/,德信时代公馆,售罄
/loupan/p_lhgzbjltzbjybd/,龙湖葛洲坝景粼天著,售罄
/loupan/p_hcypbjybo/,四季都会,售罄
/loupan/p_qscybjybs/,秋实宸悦,售罄
/loupan/p_rxysltbjydc/,融信空港澜天,售罄
/loupan/p_sdbjybjyey/,时代滨江悦,售罄
/loupan/p_hqcffycbjyfr/,华侨城芳菲与城,售罄
/loupan/p_yyljshczbjygq/,远洋路劲上河宸章,售罄
/loupan/p_yyljshczbjygu/,远洋路劲上河宸章,售罄
/loupan/p_hfydfbjyht/,杭房悦东方,售罄
/loupan/p_hfydfbjyhz/,杭房悦东方,售罄
/loupan/p_hpylbjyjp/,湖境云庐,售罄
/loupan/p_hqcffycbjykj/,华侨城芳菲与城,售罄
/loupan/p_ysdyhbjyla/,御清城,售罄
/loupan/p_ysdyhbjylc/,御清城,售罄
/loupan/p_zcxhsdyzbjylu/,赞成旭辉时代悦章,售罄
/loupan/p_zcxhsdyzbjylz/,赞成旭辉时代悦章,售罄
/loupan/p_zalcnhmybjyrp/,众安绿城南湖明月,售罄
/loupan/p_zalcnhmybjyrr/,众安绿城南湖明月,售罄
/loupan/p_rhbjybjzzo/,仁恒滨江园,售罄
/loupan/p_rhxsxhsjbkaar/,仁恒祥生珊瑚世纪雅园,售罄
/loupan/p_rhxsxhsjbkaat/,仁恒祥生珊瑚世纪雅园,售罄
/loupan/p_yhobkabn/,运河ONE,售罄
/loupan/p_tyyhybkack/,天阅运河源,售罄
/loupan/p_rcjchjybkacm/,融创金成杭源里,售罄
/loupan/p_rcgyzxbkapa/,融创港印中心,售罄
/loupan/p_lhzjscbkaqd/,龙湖紫金上城,售罄
/loupan/p_lyhfbkasi/,电建泷悦华府,售罄
/loupan/p_tyrxdfdbkask/,天阳融信东寰名邸,售罄
/loupan/p_dxqtyzbkasw/,德信钱塘云庄,售罄
/loupan/p_hzflzxbkatm/,杭州富力中心,售罄
/loupan/p_hzflzxbkatn/,杭州富力中心,售罄
/loupan/p_dxdjyhbkawc/,德信大江壹号,售罄
/loupan/p_lcxfyybkawd/,绿城晓风印月,售罄
/loupan/p_fccwtjbkayn/,翡翠城梧桐郡,售罄
/loupan/p_stjlbkayv/,上塘九里,售罄
/loupan/p_dtwktkzcbkazg/,地铁万科天空之城,售罄
/loupan/p_hdyqsjbkbkw/,恒大御泉四季,售罄
/loupan/p_gcfbkbzv/,国宸府,售罄
/loupan/p_gcfbkcak/,国宸府,售罄
/loupan/p_lhgzbjltzbkcao/,龙湖葛洲坝景粼天著,售罄
/loupan/p_ndydbkcar/,中铁诺德雅逸府,售罄
/loupan/p_xyjlbkcbe/,兴耀锦里,售罄
/loupan/p_hhznyhybkcbp/,华鸿中南壹号院,售罄
/loupan/p_zjjxyfbkcbs/,中建锦绣越府,售罄
/loupan/p_zjjxyfbkcbv/,中建锦绣越府,售罄
/loupan/p_bgyslcfbkcby/,碧桂园十里春风,售罄
/loupan/p_bgyslcfbkcck/,碧桂园十里春风,售罄
/loupan/p_xycbkcwm/,高科商业中心,售罄
/loupan/p_rcycfbkdcz/,融创望潮印一期（云潮府）,售罄
/loupan/p_xggjggbkdud/,星光国际公馆,售罄
/loupan/p_gzblhzgfbkdxn/,葛洲坝龙湖中杭府,售罄
/loupan/p_sxxfbkewy/,苕溪学府,售罄
/loupan/p_scxrjnbkfth/,首创禧瑞江南,售罄
/loupan/p_scxrjnbkftm/,首创禧瑞江南,售罄
/loupan/p_jlctxbkfvr/,九龙仓天玺,售罄
/loupan/p_zyjxhfbkfvu/,中冶锦绣华府,售罄
/loupan/p_zswbhcbkfvw/,招商闻博花城,售罄
/loupan/p_zswbhcbkfwc/,招商闻博花城,售罄
/loupan/p_ssrhbkgbr/,山水如画,售罄
/loupan/p_fcypbkhbo/,富春一品,售罄
/loupan/p_ksqybkhih/,坤生栖悦,售罄
/loupan/p_xddlfbkiot/,信达东莱府,售罄
/loupan/p_jlchfthbkiou/,九龙仓华发天荟,售罄
/loupan/p_cbwxcxflbkiov/,城北万象城幸福里,售罄
/loupan/p_dydxjzfbkipf/,东原德信九章赋,售罄
/loupan/p_hycbkipk/,环翼城,售罄
/loupan/p_lddlfbkipv/,绿都东澜府,售罄
/loupan/p_zaxxwllbkiuh/,众安西溪未来里,售罄
/loupan/p_caHYGGEycfbkive/,承安HYGGE源翠府,售罄
/loupan/p_tczyfbkjbf/,状元府,售罄
/loupan/p_xfhyclybkjqd/,西房杭语宸鹭院,售罄
/loupan/p_xfhyclybkjqm/,西房杭语宸鹭院,售罄
/loupan/p_dxdjyhbkjtx/,德信大江壹号,售罄
/loupan/p_xlczxbkkhl/,星创新里程中心,售罄
/loupan/p_zhhlyqbkkmh/,中海黄龙云起,售罄
/loupan/p_lctysjbkkmj/,绿城天语山居,售罄
/loupan/p_zlyfbkkmx/,中梁御府,售罄
/loupan/p_zlyfbkkne/,中梁御府,售罄
/loupan/p_dxqtyzbkkyj/,德信钱塘云庄,售罄
/loupan/p_ayhjcsjcfbkkzd/,奥园华景川上锦宸府,售罄
/loupan/p_xyyfbklau/,星央悦府,售罄
/loupan/p_rxdfhyqlbklaz/,融信大发弘阳沁澜,售罄
/loupan/p_dxdjyhyzbklbo/,德信大家运河云庄,售罄
/loupan/p_dxdjyhyzbklcd/,德信大家运河云庄,售罄
/loupan/p_tyyzbklcw/,城南银泰城,售罄
/loupan/p_jzyyfbkleo/,佳兆业云峰,售罄
/loupan/p_bgylybkloq/,碧桂园泷悦,售罄
/loupan/p_bgylybklpw/,碧桂园泷悦,售罄
/loupan/p_yxtxbklxj/,印象苕溪城,售罄
/loupan/p_rccbkmif/,杭州融创城,售罄
/loupan/p_gxylfbkmka/,恒大国玺悦龙府,售罄
/loupan/p_gtmybkmvg/,观棠明月,售罄
/loupan/p_gtmybkmvh/,观棠明月,售罄
/loupan/p_zntywbkmwj/,中南棠玥湾,售罄
/loupan/p_jpmzbknnx/,江畔铭座,售罄
/loupan/p_sktqlbknoc/,首开天青里,售罄
/loupan/p_sktqlbknoe/,首开天青里,售罄
/loupan/p_jyglsyzxbkntd/,金隅观澜商业中心,售罄
/loupan/p_rczyjnlbknto/,融创臻源锦宁里,售罄
/loupan/p_zjymlbknxx/,中交悦美庐,售罄
/loupan/p_zjymlbknxz/,中交悦美庐,售罄
/loupan/p_zlcxxflbkoaj/,中量畅享幸福里,售罄
/loupan/p_ayhjcsjcfbkoav/,奥园华景川上锦宸府,售罄
/loupan/p_atclhbkomm/,奥体朝龙汇,售罄
/loupan/p_ssrhbkopy/,山水如画,售罄
/loupan/p_rczyjnlbkovh/,融创臻源锦宁里,售罄
/loupan/p_hxzxbkovq/,华夏之心,售罄
/loupan/p_lcclxybkovw/,绿城春来晓园,售罄
/loupan/p_hyltbkowy/,杭语蓝庭,售罄
/loupan/p_ygcflhabkoxp/,阳光城西郊半岛,售罄
/loupan/p_dxsgzcbkoxy/,德信时光之宸,售罄
/loupan/p_wlzxbkoyh/,未来之芯,售罄
/loupan/p_ycqshplfybkpab/,银城青山湖畔,售罄
/loupan/p_blxhcbkpyy/,宝龙旭辉城,售罄
/loupan/p_lczybkqcz/,蓝城芷园,售罄
/loupan/p_bjdyycfbkqhb/,滨江东原拥翠府,售罄
/loupan/p_trxlfbkqiu/,天润西麓府,售罄
/loupan/p_trxlfbkqix/,天润西麓府,售罄
/loupan/p_bjyhfbkqlc/,滨江御虹府,售罄
/loupan/p_zjlqyfbkqpp/,中骏临栖云府,售罄
/loupan/p_dtwktkzcbkqtd/,地铁万科天空之城,售罄
/loupan/p_yxtcmdbkqtk/,越秀天萃名邸,售罄
/loupan/p_sdbjdfsjbkqtq/,时代滨江丹枫四季,售罄
/loupan/p_myfbkquv/,缦云府,售罄
/loupan/p_yxqtmdbkqvn/,越秀前滩名邸,售罄
/loupan/p_hytjfbkqvp/,花语天境府,售罄
/loupan/p_hytjfbkqvu/,花语天境府,售罄
/loupan/p_wdtxwbkqvw/,富阳悦享同心湾,售罄
/loupan/p_bjlhdcfbkqwi/,滨江龙湖东潮府,售罄
/loupan/p_smccltbkqwn/,世茂璀璨澜庭,售罄
/loupan/p_yycbkqwq/,越秀悦映城,售罄
/loupan/p_bjlhdcfbkqwv/,滨江龙湖东潮府,售罄
/loupan/p_yycbkqwz/,越秀悦映城,售罄
/loupan/p_rwzcbkqxf/,融望之城,售罄
/loupan/p_gytlxbkqxo/,桂语听澜轩,售罄
/loupan/p_dydxjzfbkrbc/,东原德信九章赋,售罄
/loupan/p_yyxxggbkrdx/,远洋西溪公馆,售罄
/loupan/p_ztyjbkrjj/,中天雅境,售罄
/loupan/p_gcltbkrru/,古翠蓝庭,售罄
/loupan/p_smqttybkshs/,世茂钱塘天誉,售罄
/loupan/p_rstyfbkslq/,荣盛檀越府,售罄
/loupan/p_rwzcbkszw/,融望之城,售罄
/loupan/p_yrwbktdi/,悦融湾,售罄
/loupan/p_lctysjbktvw/,绿城天语山居,售罄
/loupan/p_ytfbktwh/,拥涛府,售罄
/loupan/p_wgjfbktwl/,万固珺府,售罄
/loupan/p_razsxcfbktwx/,荣安招商祥宸府,售罄
/loupan/p_razsxcfbktxd/,荣安招商祥宸府,售罄
/loupan/p_lccfjsbkufc/,绿城春风金沙,售罄
/loupan/p_zlgjfbkufe/,中旅归锦府,售罄
/loupan/p_bjxxwycfbkufh/,滨江新希望悦潮府,售罄
/loupan/p_bjybfbkufl/,滨江御滨府,售罄
/loupan/p_ygcbyflydbkujf/,阳光城保亿翡丽云邸,售罄
/loupan/p_ygcbyflydbkujk/,阳光城保亿翡丽云邸,售罄
/loupan/p_jhzyydbkuub/,金辉紫雅云邸,售罄
/loupan/p_xxwhfjlyhbkuzb/,新希望华发锦粼云荟,售罄
/loupan/p_hjcylmdbkviy/,华景川云流名邸,售罄
/loupan/p_xxwmdclfbkvkt/,新希望美的长粼府,售罄
/loupan/p_smgfdjbkvky/,世茂国风大境,售罄
/loupan/p_blrxxsdbkvlf/,宝龙融信新世邸,售罄
/loupan/p_cyjlbkvlt/,春月锦庐,售罄
/loupan/p_dxyhbkwuh/,德信阅杭,售罄
/loupan/p_dydxyawbkwuo/,东原德信印奥湾,售罄
/loupan/p_bjjpmdbkxbd/,滨江君品名邸,售罄
/loupan/p_jfjhsdbxmbkxbg/,建发金辉紫璋台,售罄
/loupan/p_dqnlsdjcfbkxbm/,宋都济宸府,售罄
/loupan/p_xfwklzgcxmbkxbq/,良语久园,售罄
/loupan/p_xfwklzgcxmbkxbt/,良语久园,售罄
/loupan/p_ztywbkxbu/,中天云望,售罄
/loupan/p_ztywbkxch/,中天云望,售罄
/loupan/p_fxyzfbkxcy/,凤玺云著府,售罄
/loupan/p_bycbkxda/,滨耀城,售罄
/loupan/p_rccbkxsu/,融创城,售罄
/loupan/p_yfhbkyek/,悦风华,售罄
/loupan/p_jddyqxfbkyib/,金地大运桥西府,售罄
/loupan/p_lfxyclbkyij/,联发溪语宸庐,售罄
/loupan/p_zncxjbkyil/,中南春溪集,售罄
/loupan/p_xxlyzsdxxmbkyip/,禹洲宋都望林府,售罄
/loupan/p_wjlrcbjycfbkyit/,融创滨江御潮府,售罄
/loupan/p_xqtdbkyjb/,香栖天第,售罄
/loupan/p_zhwlbkyjc/,中海望庐,售罄
/loupan/p_dxlygctylbkyjg/,阳光城檀映里,售罄
/loupan/p_jsybkyuq/,径山园,售罄
/loupan/p_ghybkyve/,光合映,售罄
/loupan/p_byfbkyxt/,北樾府,售罄
/loupan/p_xylhyxwlbkzah/,杭辰星万里,售罄
/loupan/p_lhrxtlfbkzap/,龙湖融信天琅府,售罄
/loupan/p_qllygcxyhylbkzcl/,阳光城兴耀花漾里,售罄
/loupan/p_byygclgcbkzea/,保亿阳光城丽光城,售罄
/loupan/p_lxzpbkzeo/,理想臻品,售罄
/loupan/p_ztxfyybkzpt/,中天溪风雅韵,售罄
/loupan/p_ztxfyybkzpw/,中天溪风雅韵,售罄
/loupan/p_bsxyfbkztu/,北上星云府,售罄
/loupan/p_pdfdbkzux/,普大福地,售罄
/loupan/p_sdtjbkzwk/,时代天境,售罄
/loupan/p_hgssbkzww/,湖光山社,售罄
/loupan/p_rxzwbkzxo/,融信展望,售罄
/loupan/p_wlqcxzbkzyi/,未来七彩小镇,售罄
/loupan/p_wjlrcbjycfblaak/,融创滨江御潮府,售罄
/loupan/p_jselblcqysfblalc/,保利潮起云上府,售罄
/loupan/p_zttzyyblanz/,中天汀洲印月,售罄
/loupan/p_ywpyblaob/,佳兆业德信云望璞园,售罄
/loupan/p_zjhtblaoc/,中景华庭,售罄
/loupan/p_rxrwblapa/,融信荣望,售罄
/loupan/p_lhxhyzblapk/,龙湖湘湖原著,售罄
/loupan/p_jcyrmtblapt/,九城渔人码头,售罄
/loupan/p_xclwyxjfblaqo/,伟业熙境府,售罄
/loupan/p_tlhdglfblaun/,恒大观澜府,售罄
/loupan/p_chyjblavm/,春和云境,售罄
/loupan/p_zaxxwllblbkv/,岸上蓝山公寓,售罄
/loupan/p_zymxfblbtk/,卓越明熙府,售罄
/loupan/p_gyjswlblbvu/,广宇锦上文澜,售罄
/loupan/p_xfnlkhrckywjsblbvv/,坤和融创开元望金沙,售罄
/loupan/p_wkqcblbwq/,万科前宸,售罄
/loupan/p_mdlstyzblcdy/,上塘源著,售罄
/loupan/p_yflbjjpblcew/,滨江嘉品,售罄
/loupan/p_jcllfbxgyblckr/,联发北秀观云,售罄
/loupan/p_shgylblckw/,香港置地上河公元,售罄
/loupan/p_wlxhcblclp/,未来旭辉城,售罄
/loupan/p_hhllcfblcmf/,聆潮府,售罄
/loupan/p_hhllcfblcso/,聆潮府,售罄
/loupan/p_sqlbjcyltblcsy/,滨江春语蓝庭,售罄
/loupan/p_mslhjtflyzcfblctz/,合景泰富揽月臻翠府,售罄
/loupan/p_zasyfblcvf/,众安顺源府,售罄
/loupan/p_qswgtdblcxr/,群升万国天地,售罄
/loupan/p_hzdscblddf/,曲江新鸥鹏杭州第三城（久境府）,售罄
/loupan/p_clfbldnz/,长麓府,售罄
/loupan/p_xyxmlbldpz/,兴耀星漫里,售罄
/loupan/p_ljyclslbldqf/,路劲银城澜仕里,售罄
/loupan/p_xxwjpytbldql/,新希望锦畔云汀,售罄
/loupan/p_htlzyxzbldrx/,竹韵小筑,售罄
/loupan/p_sllfbldsa/,森临澜府,售罄
/loupan/p_hyndytbldsc/,花样年对越天,售罄
/loupan/p_rxyylwbldul/,融信远洋厘望轩,售罄
/loupan/p_rcjnyhybldwv/,融创望潮印二期（湖悦江南院）,售罄
/loupan/p_chjxhybldxq/,星合映,售罄
/loupan/p_chjhyctlbldxy/,景瑞路劲海逸翠廷,售罄
/loupan/p_fxllcgyyyblego/,绿城桂语映月,售罄
/loupan/p_clfhblehd/,春来枫华,售罄
/loupan/p_zahyfblehx/,荷源府,售罄
/loupan/p_wyxlzlmcybleia/,中梁沐宸院,售罄
/loupan/p_sdfdyjblejb/,三迪枫丹雅居,售罄
/loupan/p_dhcyqcbleoj/,大华潮悦前城,售罄
/loupan/p_bjxhcyxmbleop/,蜀惠朝闻花城,售罄
/loupan/p_jkbcblwblfgc/,金科博翠碧蓝湾,售罄
/loupan/p_ldxgzajtcbxmblfil/,绿地香港宸瀚里,售罄
/loupan/p_sxlhyqcgyblfky/,杭语清澄,售罄
/loupan/p_hjtfhhblfmr/,合景泰富寰汇,售罄
/loupan/p_dhsfblfms/,东湖尚府,售罄
/loupan/p_wmlnyfblftp/,南樾府,售罄
/loupan/p_bjcyhtblgdj/,滨江翠语华庭,售罄
/loupan/p_hxldxcglblgjc/,德信中心,售罄
/loupan/p_dxycghzcblgjh/,观湖之宸公寓,售罄
/loupan/p_qjlbjlcjhhxmblgkh/,滨江绿城江河鸣翠,售罄
/loupan/p_jdbycblgks/,金地滨与城,售罄
/loupan/p_racyhnfblglo/,荣安春月杭宁府,售罄
/loupan/p_bjqyxtblgmc/,滨江沁语晓庭,售罄
/loupan/p_djzjtcmzblgnb/,大家湛景天承美筑,售罄
/loupan/p_djkhaymzalmzblgnj/,大家坤和·美筑,售罄
/loupan/p_gyzllcmcyblgoq/,绿城茗春苑,售罄
/loupan/p_dsdlblllfblgqm/,百郦玲珑府,售罄
/loupan/p_xhxgllblgwo/,新湖香格里拉,售罄
/loupan/p_lhlssdjrymjfblhpi/,三盛大家汝悦美境府,售罄
/loupan/p_racxshwblivs/,荣安春熙上和湾,售罄
/loupan/p_xyhmfbliwe/,香悦和鸣府,售罄
/loupan/p_sfmscbliyk/,顺发·美颂城,售罄
/loupan/p_lsblrxtyyltdfbliys/,融信天阳云澜天第府,售罄
/loupan/p_djlyyjhczxdblizi/,远洋建华宸章新邸,售罄
/loupan/p_ycfbljdk/,融创望潮印一期（云潮府）,售罄
/loupan/p_dhcsmybljnl/,大华春山明月,售罄
/loupan/p_xlqcxzbljxz/,七彩星商业中心,售罄
/loupan/p_zlsglblkgr/,中旅时光里,售罄
/loupan/p_yalyztyfblkgs/,源著天樾府,售罄
/loupan/p_tlhbblkmv/,桃李湖滨,售罄
/loupan/p_tlhbblkmw/,桃李湖滨,售罄
/loupan/p_bjbyhtblknd/,滨江博语华庭,售罄
/loupan/p_bjxcltblknk/,滨江星翠澜庭,售罄
/loupan/p_zsrxtlblknn/,招商融信天澜,售罄
/loupan/p_jfsxycblknp/,建发书香印翠,售罄
/loupan/p_xcjyfblknw/,星创晶悦府,售罄
/loupan/p_wexllcjtxyclblkof/,绿城交投晓月澄庐,售罄
/loupan/p_hjtfhhblllk/,合景泰富寰汇（石门街6号）,售罄
/loupan/p_dylbrfblmav/,滨融府,售罄
/loupan/p_dxznjsyqblmdn/,德信中南江上云起,售罄
/loupan/p_dxznjsyqblmdv/,德信中南江上云起,售罄
/loupan/p_zsbahclblmdx/,招商博奥花宸里,售罄
/loupan/p_jrqhblmsf/,景瑞晴海,售罄
/loupan/p_hjcybfblnbb/,华景川樾滨府,售罄
/loupan/p_ndljyyyjsblogu/,佳源驭远玖墅,售罄
/loupan/p_pcddxsltblolc/,溪上俪庭,售罄
/loupan/p_lhxhyzblool/,龙湖湘湖原著,售罄
/loupan/p_bjgpbloqd/,滨江观品,售罄
/loupan/p_ddlyzyjfblord/,严州誉境府,售罄
/loupan/p_mxlhrzdyacblosc/,华润置地亚奥城,售罄
/loupan/p_xajblowd/,新安郡,售罄
/loupan/p_fblwkryzcbloxb/,万科日耀之城,售罄
/loupan/p_qmlbloxx/,青漫里,售罄
/loupan/p_sdryylblpcp/,宋都如意云庐,售罄
/loupan/p_hnhyfblpdj/,合能杭玥府,售罄
/loupan/p_pldyR2110dkblpej/,滨江兴耀滨耀学府,售罄
/loupan/p_rxmhbljyltlblqhd/,融信美好宝龙锦云澜天里,售罄
/loupan/p_blhzsgyxfblqhj/,保利和者时光印象府,售罄
/loupan/p_hhdcytblrco/,华鸿东潮云庭,售罄
/loupan/p_hycblsde/,环翼城,售罄
/loupan/p_xcjhlbltht/,星创晶晖里,售罄
/loupan/p_zhwlyqwlbltrl/,中海望庐|云起武林,售罄
/loupan/p_sxnlzcmybltxz/,赞成漫悦,售罄
/loupan/p_yqlyqzxbltyb/,云起中心,售罄
/loupan/p_byljcctxbltyt/,金成潮塘轩,售罄
/loupan/p_fbllcggdfbltzx/,绿城桂冠东方,售罄
/loupan/p_jshpfbluah/,锦尚和品府,售罄
/loupan/p_hcnljfyttybluqv/,建发银泰天悦,售罄
/loupan/p_xmlgysyfblura/,高运尚悦府,售罄
/loupan/p_bklblthblurd/,滨汇之都,售罄
/loupan/p_gqfljctysfblurw/,金成汀云上府,售罄
/loupan/p_xhggblvve/,西湖公馆,售罄
/loupan/p_jsylhylblwko/,花曜里,售罄
/loupan/p_bjbtyyblymd/,滨江滨涛映月,售罄
/loupan/p_lhbktycblymf/,龙湖坤和·滨康天曜城,售罄
/loupan/p_dfbldxbwzcblyzr/,德信滨望之宸,售罄
/loupan/p_zhhlyqblzum/,中海黄龙云起|三里庐,售罄
/loupan/p_ymysblzxq/,雨茗云舍,售罄
/loupan/p_zaphydbmagv/,众安蒲荷芸邸,售罄
/loupan/p_dxycyhzcbmakc/,德信银城阅湖之宸,售罄
/loupan/p_clytbmaqz/,春来雅庭,售罄
/loupan/p_bjwtymbmbcb/,滨江望涛月明,售罄
/loupan/p_dyxwbmbcm/,东原东傲城,售罄
/loupan/p_zsskhygllbmbcn/,招商蛇口花屿观澜里,售罄
/loupan/p_lcyqylbmbco/,绿城云栖燕庐,售罄
/loupan/p_lcyqylbmbcp/,绿城云栖燕庐,售罄
/loupan/p_djyafbmbqj/,电建悦安府,售罄
/loupan/p_djyafbmbqk/,电建悦安府,售罄
/loupan/p_mcmybmcca/,绿城沐春明月,售罄
/loupan/p_bflhgjatzxadvbf/,百富联合国际奥体之星,售罄
/loupan/p_sdryyjbmcoj/,宋都如意云境,售罄
/loupan/p_hygnfbmcrs/,河语光年府,售罄
/loupan/p_ztndyyfbmcwc/,中铁诺德雅逸府,售罄
/loupan/p_lchscflbmdvl/,绿城湖上春风里,售罄
/loupan/p_tjhtbmemy/,天珏华庭,售罄
/loupan/p_tjhtbmemz/,天珏华庭,售罄
/loupan/p_fdlcyyyhybmete/,复地绿城月映咏荷园,售罄
/loupan/p_lcctmybmfai/,绿城潮听明月,售罄
/loupan/p_qwcxjlwbmfiv/,前湾畅想江澜湾,售罄
/loupan/p_smfsfbmfry/,世茂风颂府,售罄
/loupan/p_chyjtxbmfyx/,潮和阅江台轩,售罄
/loupan/p_xyjnlcbmgbb/,萧元江南沥城,售罄
/loupan/p_fmxzbmgqu/,枫漫小筑,售罄
/loupan/p_qjxophzdscjyfbmgtr/,曲江新鸥鹏杭州第三城（久雍府）,售罄
/loupan/p_gzblhzhfbmgzm/,葛洲坝龙湖中杭府,售罄
/loupan/p_xxwhfjlyhbmhjw/,新希望华发锦粼云荟,售罄
/loupan/p_zymfbmhna/,华家印月,售罄
/loupan/p_hygnfbmhpp/,湖印光年府,售罄
/loupan/p_zaybmidn/,臻奥院,售罄
/loupan/p_bjwpbmilo/,滨江望品,售罄
/loupan/p_xyyhybmjck/,溪悦云和园,售罄
/loupan/p_cthyfbmjcw/,春题杭玥府,售罄
/loupan/p_jbfbmjdo/,君铂府,售罄
/loupan/p_qwcxjlwbmjrb/,前湾畅想江澜湾,售罄
/loupan/p_xcyxfbmjwb/,星潮映象府,售罄
/loupan/p_bmkos/,滨江潮听映月,售罄
/loupan/p_bmltx/,蓝城陶然里,售罄
/loupan/p_hcwycbmmrw/,海潮望月城,售罄
/loupan/p_bmnha/,绿城沁桂轩,售罄
/loupan/p_dxbgyyjnbmpbr/,德信碧桂园印江南,售罄
/loupan/p_thsyzxbmpho/,太合商业中心,售罄
/loupan/p_lldybmpxr/,柳浪东苑,售罄
/loupan/p_txjtgjaeefo/,憬天国际名座,售罄
/loupan/p_xrzxaeefr/,萧然之芯,售罄
/loupan/p_ygctyaeehe/,阳光城檀悦,售罄
/loupan/p_jlcjtaanoi/,九龙仓君廷,售罄
/loupan/p_qdhbrgjhyaanxt/,柏润国际花园,售罄
/loupan/p_dfyfaanxx/,东方御府,售罄
/loupan/p_bjyfaanzd/,宝嘉誉峰,售罄
/loupan/p_ldyjlwaaoah/,绿都御景蓝湾,售罄
/loupan/p_jrgyaaoai/,锦润公寓,售罄
/loupan/p_bjxxzxaaoaj/,滨江西溪之星,售罄
/loupan/p_znbmhyhaaoan/,中南白马湖壹号,售罄
/loupan/p_jlcjxaaoaq/,九龙仓君玺,售罄
/loupan/p_fdhlhsaaoat/,复地黄龙和山,售罄
/loupan/p_qjyfaaobe/,钱江御府,售罄
/loupan/p_hjshjaaobf/,景瑞申花郡,售罄
/loupan/p_xhwlgjgyaaobh/,新湖武林国际公寓,售罄
/loupan/p_rcdjhcfaaobl/,融创大家侯潮府,售罄
/loupan/p_rchbzcaaobv/,融创河滨之城雨澜轩,售罄
/loupan/p_flxxyjaaobx/,富力西溪悦居,售罄
/loupan/p_jdyjaaocc/,金地艺境,售罄
/loupan/p_hjtjaaocd/,合景天峻,售罄
/loupan/p_aaocm/,三盛颐景御园,售罄
/loupan/p_xazjaaoco/,协安紫郡,售罄
/loupan/p_rxhzggaaodh/,融信杭州公馆,售罄
/loupan/p_wlceqaaodi/,万科未来城二期,售罄
/loupan/p_zlcsggaaodm/,中旅城仕公馆,售罄
/loupan/p_xxylcaaodn/,西溪永乐城,售罄
/loupan/p_wkddhaaodq/,万科大都会79号,售罄
/loupan/p_yxxhscaaods/,越秀星汇尚城,售罄
/loupan/p_aksdycaaodv/,奥克斯缔逸城,售罄
/loupan/p_zclxdyhaaodw/,赞成龙兴道一号,售罄
/loupan/p_zlzjmmaaodx/,中旅紫金名门,售罄
/loupan/p_qtdgaaodz/,钱塘大观,售罄
/loupan/p_klhfaaofc/,昆仑华府,售罄
/loupan/p_lxkcypkaaofh/,理想康城一品,售罄
/loupan/p_hcycafmeo/,和昌云潮,售罄
/loupan/p_wkmyfafmhb/,万科缦云坊,售罄
/loupan/p_bjyfaaofy/,宝嘉誉府,售罄
/loupan/p_lclyaaogc/,绿城莲园,售罄
/loupan/p_hcycafmlf/,和昌云潮,售罄
/loupan/p_djdblgcafmmi/,大江东宝龙广场,售罄
/loupan/p_wlwtaaogp/,武林外滩,售罄
/loupan/p_dmgyaaogv/,大美公寓,售罄
/loupan/p_flshyqaaohd/,富力十号一期,售罄
/loupan/p_zhydlyhaaohg/,中海御道,售罄
/loupan/p_ydjdhtaaohm/,耀达金鼎华庭,售罄
/loupan/p_ymxyaaoie/,中梁百悦城,售罄
/loupan/p_hjdcyaaoik/,合景叠彩园,售罄
/loupan/p_gdrcyxaaoio/,广大融城印象,售罄
/loupan/p_bjxxmzaaoiu/,滨江西溪明珠,售罄
/loupan/p_sdcggjaaojt/,宋都晨光国际,售罄
/loupan/p_kdhsaaoke/,凯德湖墅,售罄
/loupan/p_jcytxfaaoll/,融创金成英特学府,售罄
/loupan/p_ldxhcaaone/,绿地旭辉城,售罄
/loupan/p_wtczaaooo/,万泰城章,售罄
/loupan/p_rcfcyhyaaopn/,融创富春壹号院,售罄
/loupan/p_zcyshyyxaaoqh/,赞成乐山红叶,售罄
/loupan/p_lsjyaaoqx/,蓝色嘉园,售罄
/loupan/p_zcyshyyxaaorw/,赞成乐山红叶,售罄
/loupan/p_ddmyafrpv/,东渡酩悦,售罄
/loupan/p_smzhzmaaoun/,世茂智慧之门,售罄
