,楼盘名称,楼盘状态
0,滨望雅庭,在售
1,荣盛江荣府,在售
2,旭辉珺和府,在售
3,杭曜之城,待售
4,绿城桂语新月,在售
5,赞成星谷,在售
6,同协金座,在售
7,蓝城久宸里,在售
8,云悦湾,在售
9,世茂西溪宸悦,在售
10,天目观山月,在售
11,大华春山明月,在售
12,云水山居,在售
13,万科玖望,在售
14,凤起潮鸣,待售
15,世茂智慧之门,在售
16,中铁建国际公馆,在售
17,复地壹中心,在售
18,宋都阳光国际,在售
19,中港西湖院子,在售
20,金骏大厦,在售
21,九龙仓雍景山,在售
22,浅山,在售
23,滨湖天地,在售
24,万通中心,在售
25,诺德财富中心,在售
26,钱江浙商创投中心,在售
27,佳源未来府,在售
28,钱塘ONE,在售
29,众安恒隆广场,在售
30,世包国际中心,在售
31,时间名座玺寓,在售
32,鼎和金座,在售
33,悦青蓝,待售
34,公元帝景,在售
35,东海闲湖城,待售
36,文渊狮城,在售
37,泰禾野风大城小院,在售
38,星云,在售
39,永和之星,在售
40,临平新时代,在售
41,运河印,在售
42,绿地商业中心,在售
43,招商越秀公园1872,在售
44,东方世贸城,在售
45,宋都时间名座,在售
46,白鹭郡西,在售
47,万通中心,在售
48,盈都吾角商业中心,在售
49,汉港武林汇,在售
50,世包国际中心,在售
51,天骄香槟郡,在售
52,飘鹰富春江花苑,在售
53,云水山居,在售
54,山南印,在售
55,奥体万科中心,在售
56,富力湖滨悦居,在售
57,招商I-Park,在售
58,越秀星悦城,在售
59,佳源优樾,在售
60,中交财富中心,在售
61,东部之星,在售
62,万融城,在售
63,天骄香槟郡,在售
64,绿城云栖桃花源,在售
65,华夏之心,在售
66,万科公望,待售
67,奥克斯时代未来之城,在售
68,祥生云湖城,在售
69,山水时代,在售
70,励骏花园,在售
71,春江山居,在售
72,禹洲滨澜铭座,在售
73,金马高悦府,在售
74,富力御江山小区,在售
75,汇高栢悦中心,在售
76,华策中心,在售
77,柳溪湾,在售
78,朗诗溪涧雅庐,待售
79,春江山居,在售
80,运河万科中心,在售
81,滨虹商务中心,在售
82,中城汇MIDTOWN,在售
83,紫荆辰光,在售
84,绿地亚洲公园,待售
85,融创港印中心,在售
86,绿城青亭,在售
87,星光荟,在售
88,中冶锦绣公馆,待售
89,中冶锦绣公馆,在售
90,恒大御泉四季,在售
91,紫荆辰光,在售
92,悦湖湾花园,在售
93,北辰奥园,在售
94,竹悦山水轩,在售
95,钱塘ONE,在售
96,云安小镇,在售
97,理想银泰城,在售
98,嘉裕天城,在售
99,地铁万科杭行道,在售
100,世茂西溪宸悦,在售
101,绿城青亭商铺,待售
102,云都汇中心,在售
103,铂瑞悦府,在售
104,傲旋城,在售
105,云集金座,在售
106,融创森与海之城,在售
107,启迪协信科技城,在售
108,五幸银座,在售
109,杭州春树云筑,在售
110,海威天地,在售
111,云上金铭府,在售
112,奥体朝龙汇,在售
113,华夏之心,在售
114,碧桂园铂玺湾,在售
115,美的西径晓风,在售
116,美的西径晓风,在售
117,之江潮,在售
118,中骏临栖云府,在售
119,新湖金色池塘,在售
120,新湖金色池塘,在售
121,滨江定福阁,待售
122,国开东方锦城学府,在售
123,融创森与海之城,在售
124,绿都鉴未来,在售
125,水岸华府,在售
126,富阳宸光悦,在售
127,景顺铂悦城,在售
128,锦和云水江南,在售
129,保利欣品华庭,在售
130,东亚溪雅香舍,在售
131,千岛湖绿城桂语江南,在售
132,融信美好宝龙锦云澜天里,在售
133,凤凰府邸,在售
134,碧桂园万科悦望名邸,待售
135,镜象西湖,在售
136,赞成星谷,在售
137,傲旋城,在售
138,融创融耀之城,待售
139,江滨公望大厦,在售
140,柳岸晓风新都,在售
141,柳岸晓风新都,在售
142,玲珑郡,在售
143,德信空港城,在售
144,湖光山社,在售
145,未来七彩小镇,在售
146,地铁万科五常车辆段上盖,在售
147,世嘉铭座,在售
148,凤凰府邸,在售
149,澳海云樾赋,在售
150,江山云樾府,在售
151,润枫东润紫园,在售
152,赞成武林里,在售
153,湖印宸山庄,在售
154,碧桂园万科悦望名邸,在售
155,美麓美座,在售
156,港郦中心,在售
157,富春金茂星外滩·秦望府,在售
158,滨江旭辉滨旭府,在售
159,樟宜翠湾,在售
160,奥莱金街,在售
161,地铁万科彩虹天空之城,在售
162,天樾四季城,在售
163,天樾四季城,在售
164,千岛湖滨江城市之星,在售
165,佳源驭远玖墅,在售
166,越秀星汇中心,在售
167,海威天地,在售
168,佳源岛,在售
169,星创城映月璟园,待售
170,浅山,在售
171,杭房首望澜翠府,在售
172,百郦玲珑府,在售
173,阳光城檀瑞府,在售
174,中顺新澜悦,在售
175,弘涵望江月,在售
176,七彩星商业中心,在售
177,浅隐云庐,在售
178,银城青山湖畔,在售
179,申花印月,在售
180,瑞源邸,在售
181,臻奥院,在售
182,华景川科大.湖沁宸园,在售
183,中天翡玥府,在售
184,新希望锦翠栖源,在售
185,宁望府,在售
186,正荣鹤亭熙青府,待售
187,瀚悦宸邸,待售
188,沁悦宸轩,待售
189,海威天地,在售
190,迪凯金座,在售
191,春题杭玥府,在售
192,滨玺云著,在售
193,桐韵家园,在售
194,如沐清晖城,在售
195,中骏鼎湖未来云城,在售
196,华城茶语华邸,在售
197,兴耀岚漫之城,在售
198,星雅望居,待售
199,洺川名著,待售
200,银泰仙女湖小镇,待售
201,临之锦,在售
202,融信如澜,待售
203,望青府,待售
204,耦贤里,待售
205,耦贤里,待售
206,湖语牧松,在售
207,雨润星雨华府三期,在售
208,岫町华庭,待售
209,钱潮鸣翠云筑,待售
210,青西铭府,待售
211,棠颂大院,在售
212,大华峰汇华城,在售
213,如沐清晖城,在售
214,绿都中天云屿江月,在售
215,天瑄城,待售
216,招商博奥花宸里,待售
217,栖江揽月轩,待售
218,观翠揽月轩,待售
219,新鸿基平安江河汇,待售
220,地上衣锦上府,待售
221,严州云境府,待售
222,平高创业城,待售
223,华景川云萃天和城,待售
224,杭房启润学府,待售
225,杭房富春山居湖著观邸,待售
226,鲲鹏府,待售
227,绿城西溪深蓝,在售
228,河映云集,待售
229,建发缦云轩,在售
230,杭珹未来中心,待售
231,保利都和轩,待售
232,天溪半岛,在售
233,绿都中天云屿江月,在售
234,月映星语园,在售
235,绿城咏桂里,待售
236,名门旺府,在售
237,风荷叠翠府,待售
238,金隅会潮悦府,待售
239,德信·临望宸府,待售
240,华城茶语华邸,待售
241,中天宸锦学府,在售
242,裕隆大厦,在售
243,平高创业城,在售
244,之江明月府,待售
245,之江明月府,待售
246,杭腾未来社区,待售
247,枫翠岚湾,待售
248,听悦雅庭,待售
249,紫阅云宸里,待售
250,湖境天宸里,待售
251,湖悦岚湾,待售
252,锦上云澜,待售
253,祥生文海府,待售
254,滨萃悦府,待售
255,春樾星宸,待售
256,棠源美宸,待售
257,江宸商务中心,待售
258,天目山晓城,待售
259,东原东傲城,在售
260,东原东傲城,在售
261,浅山明月府,待售
262,月咏新辰轩,待售
263,地铁万科彩虹天空之城,在售
264,保亿丽云府,待售
265,江晖府,待售
266,翠揽云境,待售
267,佳源快乐,在售
268,天瑄城,在售
269,滨江春宸上府,待售
270,隐舟府,待售
271,运晓花望府,待售
272,粤港湾·心安江上,待售
273,宸鹭香舍,待售
274,海悦中心,在售
275,城北地铁宝龙城市广场,在售
276,绿城华润晓月映翠,待售
277,绿地商业中心,待售
278,隐舟府,待售
279,星瓒颂锦府,待售
280,中南未来里,在售
281,建发天悦云庐,在售
282,建发天悦云庐,待售
283,棠前嘉座,待售
284,城北地铁宝龙城市广场,在售
285,棠颂大院,在售
286,蓝城云和里,待售
287,绿城莲园,在售
288,悠隐南山,在售
289,盈都新天地,在售
290,中旅•锦绣东方,在售
291,江南御苑,在售
292,金昌白鹭凤林,在售
293,光明梦想城,在售
294,大地西城美院,在售
295,大地西城美院,在售
296,港中旅和乐小镇,在售
297,港中旅和乐小镇,在售
298,长和庄园,在售
299,云山境,在售
300,欣龙江南府,在售
301,阳光城碧桂园玺园,在售
302,镜湖之星,在售
303,中旅·海泉湾,在售
304,洛塘滨河郡,在售
305,驭远中南玖熙湾,在售
306,世外旭辉城,在售
307,玖境府,在售
308,宝龙旭辉城,在售
309,伟立活力,在售
310,学仕嘉园,在售
311,朗诗绿洲璟院,在售
312,和庄云顶,在售
313,宝能藏珑,在售
314,金樾玖著,在售
315,世茂美的云筑,在售
316,科大春风印月里,在售
317,海波名苑,在售
318,星河名府,在售
319,鑫康家园,在售
320,鑫康家园,在售
321,深石上东里,在售
322,绿城濮园杏林苑,在售
323,绿城濮园翔云苑,在售
324,江南一品,在售
325,三盛汝悦璟园,在售
326,金科时代天悦,在售
327,滨河商业中心,在售
328,湖墩茗苑,在售
329,新滨广场,在售
330,璞圆烟雨阁,在售
331,保亿湖风晓园,在售
332,鸿翔金桂里,在售
333,和庄沁园,在售
334,荣安观江园,在售
335,云锦东方,在售
336,会稽云庐,在售
337,星尚镜廷,在售
338,武地融创樾湖湾,在售
339,金科旭辉上河之城,在售
340,宝业云溪里,在售
341,星澜城,在售
342,和天地商业中心,在售
343,鸿悦府,在售
344,匠心好园,在售
345,华景川融信晴芳园,在售
346,枫尚学府,在售
347,锦博学府,在售
348,鹃南府,在售
349,春风棠颂府,在售
350,鸿翔云望,在售
351,华宸府,在售
352,卓越春熙里,在售
353,万城·杭悦府,在售
354,悦汇大厦,在售
355,华欣春晓园,在售
356,华欣春晓园,在售
357,和庄沁园,在售
358,融创江南桃源,在售
359,万城九悦府,在售
360,新邻里广场,在售
361,万城万杭府,在售
362,绿城春来云潮,在售
363,绍兴黄酒小镇,在售
364,江南明月府,在售
365,绿城濮园梅泾苑,在售
366,华景川溪上云筑,在售
367,中筑名孝府,在售
368,华景川溪上云筑,在售
369,悦景湾,在售
370,荣安▪御宾湾,在售
371,融创嘉潮府,在售
372,绿城明月春江,在售
373,绿城江南明月府（店口）,在售
374,金辉璟樾云著,在售
375,中南君启,在售
376,天阅美湖居,在售
377,新邻里广场,在售
378,正黄未来天辰苑,在售
379,万科•臻境,在售
380,鸿翔北辰金邸,在售
381,华润置地中心,在售
382,秀悦澜庭,在售
383,凤启天宸中心,在售
384,正黄和锦府,在售
385,龙湖景璘府,在售
386,金地·天元鸣望邸,在售
387,时代天境（海宁）,在售
388,朗诗绿洲璟院,在售
389,合境·星耀里,在售
390,万科-光年里,在售
391,龙湖景璘府,在售
392,悦湖里,在售
393,新希望锦麟天樾,在售
394,织里浙北城市广场,在售
395,秀宸华府,在售
396,大家锦玥府,在售
397,浙投滨海国际,在售
398,锦粼鸣庐,在售
399,锦粼鸣庐,在售
400,康宇·西林花园,在售
401,融创·嘉望府,在售
402,朗臻江南府,在售
403,书香里,在售
404,中南君启,在售
405,金辉象屿·观澜云庭,在售
406,绿城九龙仓柳岸晓风,售罄
407,金辉蓝光星奕云著,售罄
408,万科大溪谷,售罄
409,中城汇MIDTOWN,售罄
410,金科碧桂园博翠府,售罄
411,和家园雍园,售罄
412,钱江国际时代广场,售罄
413,融创东南海,售罄
414,融创东麟府,售罄
415,绿城九龙仓桂语江南,售罄
416,融信江南学府,售罄
417,云悦湾,售罄
418,融信沐澜,售罄
419,金隅中铁诺德都会森林,售罄
420,首开东城金茂府,售罄
421,金地宋都都会钱塘,售罄
422,云悦湾,售罄
423,碧桂园良樾,售罄
424,滨江碧桂园翡翠江南,售罄
425,滨江碧桂园卧城印象,售罄
426,中粮梦栖祥云,售罄
427,滨江碧桂园卧城印象,售罄
428,融创金成江南府,售罄
429,碧桂园越溪府,售罄
430,香港兴业耦园,售罄
431,东南钱江蓝湾,售罄
432,融创金成英特学府,售罄
433,合景天銮,售罄
434,融信萧山公馆,售罄
435,新城璟隽公馆,售罄
436,鸿盛家园,售罄
437,景瑞阳光城法兰公园,售罄
438,碧桂园金科尚合府,售罄
439,君望花苑,售罄
440,朗诗枫荟,售罄
441,秀隐翠园,售罄
442,远洋西溪公馆,售罄
443,海伦堡棠锦,售罄
444,华夏之心,售罄
445,北辰国颂府,售罄
446,融信杭州世纪,售罄
447,绿城西溪云庐,售罄
448,国开东方凤凰台,售罄
449,绿城和庐,售罄
450,龙湖江与城,售罄
451,西房拱宸外滩,售罄
452,滨江新希望新城未来海岸,售罄
453,万丽璞丽,售罄
454,越秀景瑞悦见山,售罄
455,碧桂园前宸府,售罄
456,德信碧桂园印江南,售罄
457,开元名城,售罄
458,金地滨江万科悦虹湾,售罄
459,绿地华家池印,售罄
460,西溪新城市,售罄
461,大家金鼎府,售罄
462,碧桂园东旭府,售罄
463,润东府,售罄
464,融信沐澜,售罄
465,三湘印象森林海尚,售罄
466,绿城九龙仓桂语朝阳,售罄
467,绿城九龙仓桂语朝阳,售罄
468,阳光郡,售罄
469,金地广场,售罄
470,嘉里云荷廷,售罄
471,阳光城普升,售罄
472,中国铁建国际花园,售罄
473,滨江东方海岸(萧山),售罄
474,郡原相江公寓,售罄
475,金都夏宫,售罄
476,保亿丽景山,售罄
477,茂宸金座,售罄
478,新城峯璟,售罄
479,金都夏宫,售罄
480,杭钢尚堂府,售罄
481,万科坤和玉泉,售罄
482,佳源名城,售罄
483,昆盛肖邦,售罄
484,中栋国际,售罄
485,阳光城翡丽湾,售罄
486,坤和和家园,售罄
487,协安蓝郡,售罄
488,保利梧桐语,售罄
489,新天地中心,售罄
490,首开武林8栋,售罄
491,恒基旭辉府,售罄
492,坤和和家园,售罄
493,恒大城市之光,售罄
494,银杏汇,售罄
495,融创瑷颐湾,售罄
496,赞成杭家,售罄
497,赞成首府,售罄
498,欧美金融城,售罄
499,阳光城上府,售罄
500,欧美金融城,售罄
501,武林壹号,售罄
502,中栋国际,售罄
503,阳光银泰城,售罄
504,恒大水晶国际广场,售罄
505,雅居乐国际花园,售罄
506,华瑞晴庐,售罄
507,卓越蔚蓝领秀一期,售罄
508,东方一号,售罄
509,天城府,售罄
510,中国铁建江南国际城,售罄
511,金隅观澜时代天筑,售罄
512,万科名城博园,售罄
513,中兴御田清庭,售罄
514,保利中心,售罄
515,东日晴好,售罄
516,黄金时代,售罄
517,蓝钻天成,售罄
518,众安白马山庄,售罄
519,绿城桃花源,售罄
520,城发云锦城,售罄
521,新城红郡,售罄
522,融创瑷骊山,售罄
523,万科大家世纪之光,售罄
524,北辰奥园,售罄
525,金地天逸,售罄
526,金地格林格林,售罄
527,赞成赞城,售罄
528,顺发吉祥半岛,售罄
529,贝利云栖中心,售罄
530,余之城,售罄
531,华元西溪欢乐城,售罄
532,众安学君里,售罄
533,新湖菲林山,售罄
534,得力名望府,售罄
535,众安理想湾,售罄
536,万通时尚公馆,售罄
537,东晖龙悦湾,售罄
538,嘉丰万悦城,售罄
539,富邦星座,售罄
540,淮矿东元府,售罄
541,东海水景城,售罄
542,星汇花园,售罄
543,新城香悦半岛,售罄
544,佳兆业西溪璞园,售罄
545,万科郡西澜山,售罄
546,九龙仓君廷,售罄
547,融信学院府,售罄
548,万科杭宸,售罄
549,富力十号院,售罄
550,九龙仓珑玺,售罄
551,东方君悦,售罄
552,新城香悦奥府,售罄
553,西溪风情花园,售罄
554,德信君宸,售罄
555,上实海上海,售罄
556,碧桂园西江月,售罄
557,雍荣华庭,售罄
558,中企艮山府,售罄
559,鑫运时代金座,售罄
560,融创金成西溪海,售罄
561,融创金成西溪海,售罄
562,龙湖武林九里,售罄
563,滨江华家池,售罄
564,天阳文晖,售罄
565,万科新都会1958,售罄
566,广宇万科公园里,售罄
567,雍和府,售罄
568,大家绿城金麟府,售罄
569,滨江德信东方星城,售罄
570,万科中央公园,售罄
571,滨江华成大江之星,售罄
572,富力新线公园,售罄
573,金地西溪风华,售罄
574,北大资源未名府,售罄
575,天润商业中心,售罄
576,华元花涧堂,售罄
577,天阳武林邸,售罄
578,东南钱江蓝湾,售罄
579,万科缦云坊,售罄
580,大运宸府,售罄
581,中国铁建西湖国际城,售罄
582,湖景居,售罄
583,万科北宸之光三期拱宸,售罄
584,滨江铂金海岸,售罄
585,首开望宸,售罄
586,艺尚里,售罄
587,万科海上明月,售罄
588,云溪新语,售罄
589,潮闻天下,售罄
590,信融御金台,售罄
591,绿城九龙仓柳岸晓风,售罄
592,荀庄,售罄
593,野风启城,售罄
594,溪悦宸府,售罄
595,科尔世纪外滩,售罄
596,科尔世纪外滩,售罄
597,光明尚海湾,售罄
598,赞成檀府,售罄
599,赞成檀府,售罄
600,中港罗兰小镇,售罄
601,新湖香格里拉,售罄
602,兴耀星悦湾,售罄
603,华元欢乐城,售罄
604,广厦天都城天熙公馆,售罄
605,泰地北上新城,售罄
606,杭州明石商业大厦,售罄
607,杭州港龙城,售罄
608,绿城桃源小镇,售罄
609,万科郡西,售罄
610,绿城运河郡,售罄
611,金铂湾,售罄
612,潮闻天下,售罄
613,江滨澜廷,售罄
614,之江九里,售罄
615,滨江东方海岸(萧山),售罄
616,朝阳银座,售罄
617,佳兆业西溪璞园,售罄
618,万科溪望,售罄
619,向江来时代中心,售罄
620,西溪君庐,售罄
621,旭辉时代城,售罄
622,杭钢紫元旭润和府,售罄
623,宋都时间国际,售罄
624,恒祺克拉天玺,售罄
625,奥克斯缔逸城,售罄
626,融信澜天,售罄
627,融信澜天,售罄
628,金地西溪风华,售罄
629,宋都东郡之星,售罄
630,中国铁建保利像素,售罄
631,万科溪望,售罄
632,新城红郡,售罄
633,华鼎君临天峯,售罄
634,创客空间大厦,售罄
635,梦溪东明山居,售罄
636,华瑞湘湖美地,售罄
637,杉杉恒和依山郡,售罄
638,杉杉恒和依山郡,售罄
639,恒厚阳光城,售罄
640,钱塘梧桐蓝山,售罄
641,明华名港城二期,售罄
642,明华名港城二期,售罄
643,大奇山郡,售罄
644,财和湘域湾,售罄
645,湖山帝景湾,售罄
646,CBC时代大观,售罄
647,绿都南江壹号,售罄
648,天鸿香榭里,售罄
649,广宇鼎悦府,售罄
650,开元广场,售罄
651,顺发堤香,售罄
652,世茂中心,售罄
653,杭州大悦城,售罄
654,富亿NEO中心,售罄
655,远洋杭州大运河商务区,售罄
656,梦溪东明山居,售罄
657,富春玫瑰园,售罄
658,理想银泰城,售罄
659,宝龙城市广场,售罄
660,西溪蓝海,售罄
661,宋都时间国际,售罄
662,富力西溪悦墅,售罄
663,合景映月台,售罄
664,绿地旭辉城,售罄
665,龙湖水晶郦城,售罄
666,绿野御墅,售罄
667,西溪智慧健康谷,售罄
668,世茂之西湖,售罄
669,港汇中心,售罄
670,绿城运河郡,售罄
671,春江香樟苑,售罄
672,融创玖樟台,售罄
673,佳源未来府,售罄
674,中骏钱塘御景,售罄
675,万宝城,售罄
676,浙港国际,售罄
677,华夏四季,售罄
678,滨江旭辉万家之星,售罄
679,尚城墅,售罄
680,万科未来城三期梦溪里,售罄
681,富力天贸广场,售罄
682,通和十二橡树,售罄
683,青山湖玫瑰园,售罄
684,滨江江南之星,售罄
685,南洋名都,售罄
686,郡乐苑,售罄
687,东厦东港花苑,售罄
688,万通中心,售罄
689,翡翠城三期,售罄
690,星运丽园兰逸,售罄
691,湘湖壹号,售罄
692,万科君望,售罄
693,万科良渚文化村堂前,售罄
694,大千古街,售罄
695,中天珺府,售罄
696,宋都东郡国际,售罄
697,观澜时代云邸苑,售罄
698,绿城曼陀花园,售罄
699,澳海澜庭,售罄
700,龙湖春江天玺,售罄
701,新城香悦半岛,售罄
702,竹径云山,售罄
703,梅和名府,售罄
704,杭州港龙城,售罄
705,玲珑府,售罄
706,万都晶座,售罄
707,北湖绿洲花园,售罄
708,领航城,售罄
709,卓越蔚蓝领秀二期,售罄
710,金世纪运河丽园,售罄
711,通和十二橡树,售罄
712,新城香悦公馆,售罄
713,融创河滨之城雨澜轩,售罄
714,瑞金华丽嘉苑,售罄
715,海德公园,售罄
716,和昌府,售罄
717,香港兴业耦园,售罄
718,祥生群贤府,售罄
719,祥生群贤府,售罄
720,融创时代奥城,售罄
721,绿城运河宸园,售罄
722,金色和庄,售罄
723,雷威沁园,售罄
724,朗诗熙华府,售罄
725,阳光城西郊半岛,售罄
726,融创涌清府,售罄
727,祥生钱塘新语,售罄
728,滨江金茂府,售罄
729,复泰雅宸华庭,售罄
730,复泰雅宸华庭,售罄
731,望湖山庄,售罄
732,玉兰花园,售罄
733,天阳文晖,售罄
734,浙商国际中心,售罄
735,阳光银泰城,售罄
736,九龙湾,售罄
737,宋都晨光国际,售罄
738,太平洋银座,售罄
739,义桥星天地,售罄
740,金沙世纪大厦,售罄
741,崇贤上亿广场,售罄
742,山水国际,售罄
743,华润万象汇,售罄
744,银泰海威国际,售罄
745,赞成中心,售罄
746,元成时代中心,售罄
747,浙港国际,售罄
748,原禾大厦,售罄
749,中旅城仕公馆,售罄
750,杭州万达广场,售罄
751,宋都丽郡国际,售罄
752,绿地中央广场,售罄
753,铁建万科江湾城,售罄
754,新天地G193广场,售罄
755,中节能西溪首座,售罄
756,金街美地,售罄
757,东海闲湖城,售罄
758,沈半路灯具市场,售罄
759,保利中心,售罄
760,天鸿美和院,售罄
761,武林外滩,售罄
762,越秀星汇尚城,售罄
763,金地艺境,售罄
764,英冠乐创城,售罄
765,中豪国际,售罄
766,梧桐燕庐,售罄
767,玖玖国际财富中心,售罄
768,蓝钻天成,售罄
769,万科未来城二期,售罄
770,江南国际丝绸城,售罄
771,江南国际丝绸城,售罄
772,中铁九逸,售罄
773,旭辉滨江东方悦府,售罄
774,越秀维多利中心,售罄
775,东晖龙悦湾,售罄
776,星运丽园兰逸,售罄
777,碧桂园深蓝国际,售罄
778,新城龙湖湾上风华,售罄
779,合景映月台,售罄
780,旺君国际,售罄
781,融信学院府,售罄
782,金色黎明三期,售罄
783,融信永兴首府,售罄
784,中豪七格,售罄
785,融信永兴首府,售罄
786,东方铭楼,售罄
787,华元欢乐城,售罄
788,佳源优优锦城,售罄
789,北大资源未名府,售罄
790,华元天鹅堡,售罄
791,景瑞天赋,售罄
792,滨江新城东方名府,售罄
793,新天地金色时光,售罄
794,中赢金城里,售罄
795,昆仑天籁,售罄
796,中赢金城里,售罄
797,雅居乐国际花园,售罄
798,金隅空港公馆,售罄
799,融创金成未来海,售罄
800,钱江之江新天地,售罄
801,金岸提香,售罄
802,复泰雅宸华庭,售罄
803,四维金座,售罄
804,富春硅谷,售罄
805,南钻广场,售罄
806,天达广场,售罄
807,三花国际,售罄
808,合诚之江商务中心,售罄
809,绿城西溪世纪广场,售罄
810,临平西子国际,售罄
811,佳源银座,售罄
812,绿谷杭州东部创新中心,售罄
813,状元府,售罄
814,融信萧山公馆,售罄
815,交投绿城明珠国际,售罄
816,千岛湖嘉苑,售罄
817,德信东望,售罄
818,赞成首府,售罄
819,钱江西溪和景,售罄
820,融信蓝孔雀,售罄
821,富阳财富中心,售罄
822,昆盛肖邦,售罄
823,英冠乐创城,售罄
824,融信江南学府,售罄
825,保利融信大国璟,售罄
826,万科未来城三期梦溪里,售罄
827,碧桂园天麓府,售罄
828,富春新天地,售罄
829,广厦天都城滨沁&沁源公寓,售罄
830,雍和府,售罄
831,新城香悦公馆,售罄
832,东新府,售罄
833,祥生云浦新语,售罄
834,向江来时代中心,售罄
835,西溪曼哈顿,售罄
836,华策中心,售罄
837,龙湖天钜,售罄
838,万科劝学里,售罄
839,万佳居,售罄
840,赞成杭家,售罄
841,西溪十九府,售罄
842,首开武林8栋,售罄
843,宝嘉誉府,售罄
844,天阳武林邸,售罄
845,远洋招商上塘宸章,售罄
846,禹洲滨澜铭座,售罄
847,旭辉珺悦府,售罄
848,华瑞晴庐,售罄
849,钱塘航空大厦,售罄
850,采荷嘉业大厦,售罄
851,景瑞阳光城法兰公园,售罄
852,首开杭州金茂府,售罄
853,钱江御府,售罄
854,中欧城,售罄
855,碧桂园越溪府,售罄
856,万科劝学里,售罄
857,西溪智慧健康谷,售罄
858,越秀亲爱里,售罄
859,易辰江南大院,售罄
860,世茂钱塘天誉,售罄
861,云山九里,售罄
862,中南樾府,售罄
863,绿城桃李春风,售罄
864,融信公馆arc,售罄
865,中欧城,售罄
866,绿地G合里金宸,售罄
867,璞玉公馆,售罄
868,蓝色春江,售罄
869,中交财富中心,售罄
870,华瑞中心,售罄
871,合景天銮,售罄
872,西溪新城市,售罄
873,江南时代购物中心,售罄
874,O纪元,售罄
875,阳光银泰城,售罄
876,东方铭楼,售罄
877,临平芳满庭,售罄
878,融创玖樟台,售罄
879,德信杭州之翼,售罄
880,西房拱宸外滩,售罄
881,复地壹中心,售罄
882,京港国际,售罄
883,力雅广场,售罄
884,柏悦公馆,售罄
885,朗诗乐府,售罄
886,恒祺克拉天玺,售罄
887,北辰国颂府,售罄
888,万科融信西雅图,售罄
889,旭辉和昌都会山,售罄
890,远洋雁归里,售罄
891,万科智谷,售罄
892,璞丽东方,售罄
893,绿都汀蘭府,售罄
894,融信保利创世纪,售罄
895,星耀星澜之城,售罄
896,西房余杭公馆,售罄
897,富春硅谷,售罄
898,欧美金融城,售罄
899,融创富春壹号院,售罄
900,融创东麟府,售罄
901,融创金成江南府,售罄
902,融创望海潮,售罄
903,金沙世纪大厦,售罄
904,中巢起梦公园,售罄
905,阳光城翡丽公园,售罄
906,大都尚澜,售罄
907,云溪新语,售罄
908,融创宜和园,售罄
909,信达滨江壹品,售罄
910,龙湖郦城公馆,售罄
911,荣安翡翠半岛,售罄
912,凤起潮鸣,售罄
913,海上明月澜庭,售罄
914,招商武林郡,售罄
915,滨江保利翡翠海岸,售罄
916,绿城建发沁园,售罄
917,滨江春盛大江名筑,售罄
918,绿都云和湖,售罄
919,雨润星雨华府,售罄
920,中粮梦栖祥云,售罄
921,招商越秀公园1872,售罄
922,中海钱江湾,售罄
923,阳光城未来悦MAX,售罄
924,和家园雍园,售罄
925,龙湖天璞,售罄
926,钱江彩虹府,售罄
927,佳源湘湖印象,售罄
928,汇高栢悦中心,售罄
929,旭辉宝龙东湖城,售罄
930,旭辉宝龙东湖城,售罄
931,都会艺境,售罄
932,绿城九龙仓桂语江南,售罄
933,海威新界,售罄
934,保亿绿城奥邸国际,售罄
935,中旅名门府,售罄
936,阳光城檀悦,售罄
937,金辉贤林信步,售罄
938,旭辉和昌都会山,售罄
939,中赢云际,售罄
940,迪凯城星国际,售罄
941,中旅紫金名门,售罄
942,都会艺境,售罄
943,都会艺境,售罄
944,远洋雁归里,售罄
945,杭州大悦城,售罄
946,保亿中心,售罄
947,中天珺府,售罄
948,通策状元府,售罄
949,德信大江源著,售罄
950,杭州壹号院,售罄
951,佳源湘湖印象,售罄
952,融创微风之城,售罄
953,融创金成十锦台,售罄
954,东原印未来,售罄
955,英冠乐创城,售罄
956,杭州中央车站广场,售罄
957,保利融信大国璟,售罄
958,宋都新宸悦府,售罄
959,苕溪壹号,售罄
960,宋都江宸府,售罄
961,富力西溪悦居,售罄
962,保利中心,售罄
963,南北盛德国际,售罄
964,众安学君里,售罄
965,旭辉东原吴越府,售罄
966,万固观澜府,售罄
967,临平芳满庭,售罄
968,星南站,售罄
969,居艺空间,售罄
970,南润名座,售罄
971,大江东宝龙广场,售罄
972,和家园臻园,售罄
973,西溪永乐城,售罄
974,海威新界,售罄
975,运河公馆,售罄
976,运河公馆,售罄
977,绿城桃源小镇,售罄
978,绿城雄凯国际,售罄
979,龙湖西溪天街,售罄
980,理想世纪金座,售罄
981,新城璟隽公馆,售罄
982,联发藏珑玉墅,售罄
983,联发藏珑玉墅,售罄
984,北大资源颐和江南,售罄
985,滨江江南名府,售罄
986,保亿绿城奥邸国际,售罄
987,蒲公英天地,售罄
988,青枫墅园,售罄
989,和昌云栖玖著,售罄
990,新西湖小镇,售罄
991,南岸晶都花园,售罄
992,旭辉珺悦府,售罄
993,中南白马湖壹号,售罄
994,朝阳银座,售罄
995,保利融信大国璟,售罄
996,融创微风之城,售罄
997,茂宸金座,售罄
998,奥克斯缔逸城,售罄
999,翡翠城三期,售罄
1000,绿城杨柳郡,售罄
1001,绿城桃李春风,售罄
1002,绿城之江1号,售罄
1003,绿城九龙仓钱塘明月,售罄
1004,杭州新世纪广场,售罄
1005,中栋国际,售罄
1006,上坤山语四季,售罄
1007,宋都麓宸府,售罄
1008,阳光城丽景湾,售罄
1009,糖朝,售罄
1010,碧桂园玖晟府,售罄
1011,东方文化园步行街,售罄
1012,成龙官山邸,售罄
1013,杭钢尚堂府,售罄
1014,富力十号一期,售罄
1015,万科智谷,售罄
1016,世茂东壹号,售罄
1017,滨江新城东方名府,售罄
1018,杭州嘉里中心,售罄
1019,中骏柏景湾,售罄
1020,振泽左右办公世界,售罄
1021,德信浙旅天空之翼,售罄
1022,旭辉东原吴越府,售罄
1023,大家金钰府,售罄
1024,临安宝龙广场,售罄
1025,城中府,售罄
1026,天阳蓝光蔚蓝,售罄
1027,国能悦玺台,售罄
1028,绿城国际社区,售罄
1029,中天富春诚品二期,售罄
1030,群升星河印象中心,售罄
1031,千岛湖雨润星雨华府,售罄
1032,宋都相贤府,售罄
1033,万锦花苑,售罄
1034,万科潮起东方,售罄
1035,金地玖峯汇,售罄
1036,万科潮起东方,售罄
1037,运河万科中心,售罄
1038,金地玖峯汇,售罄
1039,保利融信和光尘樾,售罄
1040,越秀湖山悦,售罄
1041,合景天誉,售罄
1042,星耀中心,售罄
1043,阳光城拱宸府,售罄
1044,和昌云栖玖著,售罄
1045,金地滨江万科悦虹湾,售罄
1046,金科博翠碧蓝湾,售罄
1047,资辉壹方汇,售罄
1048,金辉久尚云筑,售罄
1049,中梁申花百悦公馆,售罄
1050,前湾江上湾,售罄
1051,璞玉公馆,售罄
1052,融创江南壹号院,售罄
1053,龙湖璟宸府,售罄
1054,恒伟科技园,售罄
1055,龙湖璟宸府,售罄
1056,时代滨江翡翠之星,售罄
1057,汇铂金座,售罄
1058,宝龙旭辉城,售罄
1059,首开杭州金茂府,售罄
1060,龙湖江与城,售罄
1061,融信远洋厘望,售罄
1062,天城府天著,售罄
1063,宋都如意春江,售罄
1064,碧桂园中梁凤鸣公馆,售罄
1065,春天学府,售罄
1066,融创金成臻蓝府,售罄
1067,银城云谷天境,售罄
1068,湖滨外滩,售罄
1069,锦上桃源,售罄
1070,杭佑名座,售罄
1071,武林之光,售罄
1072,杭州大家,售罄
1073,德信九溪云庄,售罄
1074,德信金茂佳源府,售罄
1075,御东方,售罄
1076,东原旭辉璞阅,售罄
1077,东原旭辉璞阅,售罄
1078,金地广场,售罄
1079,滨江东方海岸(萧山),售罄
1080,中海云宸,售罄
1081,德信九溪云庄,售罄
1082,保利滨江上品,售罄
1083,都会风华,售罄
1084,绿地艺尚府,售罄
1085,融信旭辉湘湖悦章,售罄
1086,融创金成璞樾大观,售罄
1087,大家栖溪,售罄
1088,旭辉中粮朗香郡,售罄
1089,荣安柳岸闻莺,售罄
1090,新湖菲林山,售罄
1091,新希望滨江锦粼府,售罄
1092,融信旭辉湘湖悦章,售罄
1093,保亿湘湖和院,售罄
1094,瑞城熙园,售罄
1095,九龙仓雍景山,售罄
1096,融创江南壹号院,售罄
1097,杭州江山风华,售罄
1098,融创金成十锦台,售罄
1099,荣安柳岸闻莺,售罄
1100,宋都相贤府,售罄
1101,阳光城上林湖,售罄
1102,嘻游城,售罄
1103,保亿湘湖和院,售罄
1104,杭房揽翠,售罄
1105,金茂首开国樾,售罄
1106,越秀景瑞悦见山,售罄
1107,龙湖春江天越,售罄
1108,风荷锦庭,售罄
1109,众安学君里,售罄
1110,绿城云栖桃花源,售罄
1111,富力新线公园,售罄
1112,万科大溪谷,售罄
1113,祥生绿都京杭府,售罄
1114,祥生绿都京杭府,售罄
1115,领航城,售罄
1116,浙大网新银湖科技园,售罄
1117,恒伟科技园,售罄
1118,风荷锦庭,售罄
1119,中天万科启宸,售罄
1120,路劲远洋江南院子,售罄
1121,路劲远洋江南院子,售罄
1122,绿城和庐,售罄
1123,浙大网新银湖科技园,售罄
1124,绿地华家池印,售罄
1125,旭辉东原国滨府,售罄
1126,恒大林溪郡,售罄
1127,恒大林溪郡,售罄
1128,海伦堡棠锦,售罄
1129,印象新城,售罄
1130,和谐江和城,售罄
1131,万科海上明月,售罄
1132,万科君望,售罄
1133,雅棠轩,售罄
1134,德信市心府,售罄
1135,德信市心府,售罄
1136,东哲云邸,售罄
1137,蓝城春风燕语,售罄
1138,万科西望,售罄
1139,奥克斯时代未来之城,售罄
1140,佳源西溪印象,售罄
1141,融创宜和园,售罄
1142,国开东方凤凰台,售罄
1143,北大资源颐和江南,售罄
1144,碧桂园望江台,售罄
1145,金茂首开国樾,售罄
1146,融创金成未来海,售罄
1147,中锐招商星未来,售罄
1148,中豪湘和国际,售罄
1149,西溪曼哈顿,售罄
1150,金地风华东方,售罄
1151,银城云谷天境,售罄
1152,万科西望,售罄
1153,绿都鉴未来,售罄
1154,绿都鉴未来,售罄
1155,湖滨外滩,售罄
1156,富景都会公寓,售罄
1157,北城芳满庭,售罄
1158,星光荟,售罄
1159,北城芳满庭,售罄
1160,随塘,售罄
1161,易辰江南大院,售罄
1162,富力御江山小区,售罄
1163,杭州江山风华,售罄
1164,随塘,售罄
1165,旭辉东原国滨府,售罄
1166,滨江新希望拥潮府,售罄
1167,兴耀锦里,售罄
1168,合景天誉,售罄
1169,武林之光,售罄
1170,祥生云境,售罄
1171,祥生云境,售罄
1172,金成英特尔湾,售罄
1173,城镇依山郡,售罄
1174,广宇东港空间,售罄
1175,万锦花苑,售罄
1176,雍澜府,售罄
1177,保利澄品,售罄
1178,景瑞镜溪绿汀,售罄
1179,金都夏宫,售罄
1180,滨江金地御品,售罄
1181,中梁云玺,售罄
1182,新希望滨江锦宸,售罄
1183,中交理想时代芳华,售罄
1184,中交理想时代芳华,售罄
1185,滨江春盛大江名筑,售罄
1186,联发藏珑大境,售罄
1187,联发藏珑大境,售罄
1188,云悦湾,售罄
1189,天阳云栖梅林,售罄
1190,天阳云栖梅林,售罄
1191,华联钱塘公馆,售罄
1192,宋都如意溪湖,售罄
1193,越秀星悦城,售罄
1194,美晟府,售罄
1195,融创金成璞樾大观,售罄
1196,融信远洋厘望,售罄
1197,中庆润泽院,售罄
1198,奥克斯金宸玖和府,售罄
1199,万象上东,售罄
1200,绿都金科和宁文华府,售罄
1201,奥克斯时代未来之城,售罄
1202,中旅名门府新境,售罄
1203,世茂璀璨澜宸,售罄
1204,中国中铁溪畔云璟府,售罄
1205,融创东麟府,售罄
1206,云潮府,售罄
1207,汉港武林汇,售罄
1208,阳光城山水悦江府,售罄
1209,保亿麓语湖苑,售罄
1210,龙湖武林上城,售罄
1211,凤起钱潮,售罄
1212,绿地亚洲公园,售罄
1213,德信时代公馆,售罄
1214,贤辰府,售罄
1215,新视界公寓,售罄
1216,雅颂市心府,售罄
1217,奥克斯金宸玖和府,售罄
1218,世宸名府,售罄
1219,世宸名府,售罄
1220,世宸名府,售罄
1221,德信时代公馆,售罄
1222,龙湖葛洲坝景粼天著,售罄
1223,四季都会,售罄
1224,秋实宸悦,售罄
1225,融信空港澜天,售罄
1226,时代滨江悦,售罄
1227,华侨城芳菲与城,售罄
1228,远洋路劲上河宸章,售罄
1229,远洋路劲上河宸章,售罄
1230,杭房悦东方,售罄
1231,杭房悦东方,售罄
1232,湖境云庐,售罄
1233,华侨城芳菲与城,售罄
1234,御清城,售罄
1235,御清城,售罄
1236,赞成旭辉时代悦章,售罄
1237,赞成旭辉时代悦章,售罄
1238,众安绿城南湖明月,售罄
1239,众安绿城南湖明月,售罄
1240,仁恒滨江园,售罄
1241,仁恒祥生珊瑚世纪雅园,售罄
1242,仁恒祥生珊瑚世纪雅园,售罄
1243,运河ONE,售罄
1244,天阅运河源,售罄
1245,融创金成杭源里,售罄
1246,融创港印中心,售罄
1247,龙湖紫金上城,售罄
1248,电建泷悦华府,售罄
1249,天阳融信东寰名邸,售罄
1250,德信钱塘云庄,售罄
1251,杭州富力中心,售罄
1252,杭州富力中心,售罄
1253,德信大江壹号,售罄
1254,绿城晓风印月,售罄
1255,翡翠城梧桐郡,售罄
1256,上塘九里,售罄
1257,地铁万科天空之城,售罄
1258,恒大御泉四季,售罄
1259,国宸府,售罄
1260,国宸府,售罄
1261,龙湖葛洲坝景粼天著,售罄
1262,中铁诺德雅逸府,售罄
1263,兴耀锦里,售罄
1264,华鸿中南壹号院,售罄
1265,中建锦绣越府,售罄
1266,中建锦绣越府,售罄
1267,碧桂园十里春风,售罄
1268,碧桂园十里春风,售罄
1269,高科商业中心,售罄
1270,融创望潮印一期（云潮府）,售罄
1271,星光国际公馆,售罄
1272,葛洲坝龙湖中杭府,售罄
1273,苕溪学府,售罄
1274,首创禧瑞江南,售罄
1275,首创禧瑞江南,售罄
1276,九龙仓天玺,售罄
1277,中冶锦绣华府,售罄
1278,招商闻博花城,售罄
1279,招商闻博花城,售罄
1280,山水如画,售罄
1281,富春一品,售罄
1282,坤生栖悦,售罄
1283,信达东莱府,售罄
1284,九龙仓华发天荟,售罄
1285,城北万象城幸福里,售罄
1286,东原德信九章赋,售罄
1287,环翼城,售罄
1288,绿都东澜府,售罄
1289,众安西溪未来里,售罄
1290,承安HYGGE源翠府,售罄
1291,状元府,售罄
1292,西房杭语宸鹭院,售罄
1293,西房杭语宸鹭院,售罄
1294,德信大江壹号,售罄
1295,星创新里程中心,售罄
1296,中海黄龙云起,售罄
1297,绿城天语山居,售罄
1298,中梁御府,售罄
1299,中梁御府,售罄
1300,德信钱塘云庄,售罄
1301,奥园华景川上锦宸府,售罄
1302,星央悦府,售罄
1303,融信大发弘阳沁澜,售罄
1304,德信大家运河云庄,售罄
1305,德信大家运河云庄,售罄
1306,城南银泰城,售罄
1307,佳兆业云峰,售罄
1308,碧桂园泷悦,售罄
1309,碧桂园泷悦,售罄
1310,印象苕溪城,售罄
1311,杭州融创城,售罄
1312,恒大国玺悦龙府,售罄
1313,观棠明月,售罄
1314,观棠明月,售罄
1315,中南棠玥湾,售罄
1316,江畔铭座,售罄
1317,首开天青里,售罄
1318,首开天青里,售罄
1319,金隅观澜商业中心,售罄
1320,融创臻源锦宁里,售罄
1321,中交悦美庐,售罄
1322,中交悦美庐,售罄
1323,中量畅享幸福里,售罄
1324,奥园华景川上锦宸府,售罄
1325,奥体朝龙汇,售罄
1326,山水如画,售罄
1327,融创臻源锦宁里,售罄
1328,华夏之心,售罄
1329,绿城春来晓园,售罄
1330,杭语蓝庭,售罄
1331,阳光城西郊半岛,售罄
1332,德信时光之宸,售罄
1333,未来之芯,售罄
1334,银城青山湖畔,售罄
1335,宝龙旭辉城,售罄
1336,蓝城芷园,售罄
1337,滨江东原拥翠府,售罄
1338,天润西麓府,售罄
1339,天润西麓府,售罄
1340,滨江御虹府,售罄
1341,中骏临栖云府,售罄
1342,地铁万科天空之城,售罄
1343,越秀天萃名邸,售罄
1344,时代滨江丹枫四季,售罄
1345,缦云府,售罄
1346,越秀前滩名邸,售罄
1347,花语天境府,售罄
1348,花语天境府,售罄
1349,富阳悦享同心湾,售罄
1350,滨江龙湖东潮府,售罄
1351,世茂璀璨澜庭,售罄
1352,越秀悦映城,售罄
1353,滨江龙湖东潮府,售罄
1354,越秀悦映城,售罄
1355,融望之城,售罄
1356,桂语听澜轩,售罄
1357,东原德信九章赋,售罄
1358,远洋西溪公馆,售罄
1359,中天雅境,售罄
1360,古翠蓝庭,售罄
1361,世茂钱塘天誉,售罄
1362,荣盛檀越府,售罄
1363,融望之城,售罄
1364,悦融湾,售罄
1365,绿城天语山居,售罄
1366,拥涛府,售罄
1367,万固珺府,售罄
1368,荣安招商祥宸府,售罄
1369,荣安招商祥宸府,售罄
1370,绿城春风金沙,售罄
1371,中旅归锦府,售罄
1372,滨江新希望悦潮府,售罄
1373,滨江御滨府,售罄
1374,阳光城保亿翡丽云邸,售罄
1375,阳光城保亿翡丽云邸,售罄
1376,金辉紫雅云邸,售罄
1377,新希望华发锦粼云荟,售罄
1378,华景川云流名邸,售罄
1379,新希望美的长粼府,售罄
1380,世茂国风大境,售罄
1381,宝龙融信新世邸,售罄
1382,春月锦庐,售罄
1383,德信阅杭,售罄
1384,东原德信印奥湾,售罄
1385,滨江君品名邸,售罄
1386,建发金辉紫璋台,售罄
1387,宋都济宸府,售罄
1388,良语久园,售罄
1389,良语久园,售罄
1390,中天云望,售罄
1391,中天云望,售罄
1392,凤玺云著府,售罄
1393,滨耀城,售罄
1394,融创城,售罄
1395,悦风华,售罄
1396,金地大运桥西府,售罄
1397,联发溪语宸庐,售罄
1398,中南春溪集,售罄
1399,禹洲宋都望林府,售罄
1400,融创滨江御潮府,售罄
1401,香栖天第,售罄
1402,中海望庐,售罄
1403,阳光城檀映里,售罄
1404,径山园,售罄
1405,光合映,售罄
1406,北樾府,售罄
1407,杭辰星万里,售罄
1408,龙湖融信天琅府,售罄
1409,阳光城兴耀花漾里,售罄
1410,保亿阳光城丽光城,售罄
1411,理想臻品,售罄
1412,中天溪风雅韵,售罄
1413,中天溪风雅韵,售罄
1414,北上星云府,售罄
1415,普大福地,售罄
1416,时代天境,售罄
1417,湖光山社,售罄
1418,融信展望,售罄
1419,未来七彩小镇,售罄
1420,融创滨江御潮府,售罄
1421,保利潮起云上府,售罄
1422,中天汀洲印月,售罄
1423,佳兆业德信云望璞园,售罄
1424,中景华庭,售罄
1425,融信荣望,售罄
1426,龙湖湘湖原著,售罄
1427,九城渔人码头,售罄
1428,伟业熙境府,售罄
1429,恒大观澜府,售罄
1430,春和云境,售罄
1431,岸上蓝山公寓,售罄
1432,卓越明熙府,售罄
1433,广宇锦上文澜,售罄
1434,坤和融创开元望金沙,售罄
1435,万科前宸,售罄
1436,上塘源著,售罄
1437,滨江嘉品,售罄
1438,联发北秀观云,售罄
1439,香港置地上河公元,售罄
1440,未来旭辉城,售罄
1441,聆潮府,售罄
1442,聆潮府,售罄
1443,滨江春语蓝庭,售罄
1444,合景泰富揽月臻翠府,售罄
1445,众安顺源府,售罄
1446,群升万国天地,售罄
1447,曲江新鸥鹏杭州第三城（久境府）,售罄
1448,长麓府,售罄
1449,兴耀星漫里,售罄
1450,路劲银城澜仕里,售罄
1451,新希望锦畔云汀,售罄
1452,竹韵小筑,售罄
1453,森临澜府,售罄
1454,花样年对越天,售罄
1455,融信远洋厘望轩,售罄
1456,融创望潮印二期（湖悦江南院）,售罄
1457,星合映,售罄
1458,景瑞路劲海逸翠廷,售罄
1459,绿城桂语映月,售罄
1460,春来枫华,售罄
1461,荷源府,售罄
1462,中梁沐宸院,售罄
1463,三迪枫丹雅居,售罄
1464,大华潮悦前城,售罄
1465,蜀惠朝闻花城,售罄
1466,金科博翠碧蓝湾,售罄
1467,绿地香港宸瀚里,售罄
1468,杭语清澄,售罄
1469,合景泰富寰汇,售罄
1470,东湖尚府,售罄
1471,南樾府,售罄
1472,滨江翠语华庭,售罄
1473,德信中心,售罄
1474,观湖之宸公寓,售罄
1475,滨江绿城江河鸣翠,售罄
1476,金地滨与城,售罄
1477,荣安春月杭宁府,售罄
1478,滨江沁语晓庭,售罄
1479,大家湛景天承美筑,售罄
1480,大家坤和·美筑,售罄
1481,绿城茗春苑,售罄
1482,百郦玲珑府,售罄
1483,新湖香格里拉,售罄
1484,三盛大家汝悦美境府,售罄
1485,荣安春熙上和湾,售罄
1486,香悦和鸣府,售罄
1487,顺发·美颂城,售罄
1488,融信天阳云澜天第府,售罄
1489,远洋建华宸章新邸,售罄
1490,融创望潮印一期（云潮府）,售罄
1491,大华春山明月,售罄
1492,七彩星商业中心,售罄
1493,中旅时光里,售罄
1494,源著天樾府,售罄
1495,桃李湖滨,售罄
1496,桃李湖滨,售罄
1497,滨江博语华庭,售罄
1498,滨江星翠澜庭,售罄
1499,招商融信天澜,售罄
1500,建发书香印翠,售罄
1501,星创晶悦府,售罄
1502,绿城交投晓月澄庐,售罄
1503,合景泰富寰汇（石门街6号）,售罄
1504,滨融府,售罄
1505,德信中南江上云起,售罄
1506,德信中南江上云起,售罄
1507,招商博奥花宸里,售罄
1508,景瑞晴海,售罄
1509,华景川樾滨府,售罄
1510,佳源驭远玖墅,售罄
1511,溪上俪庭,售罄
1512,龙湖湘湖原著,售罄
1513,滨江观品,售罄
1514,严州誉境府,售罄
1515,华润置地亚奥城,售罄
1516,新安郡,售罄
1517,万科日耀之城,售罄
1518,青漫里,售罄
1519,宋都如意云庐,售罄
1520,合能杭玥府,售罄
1521,滨江兴耀滨耀学府,售罄
1522,融信美好宝龙锦云澜天里,售罄
1523,保利和者时光印象府,售罄
1524,华鸿东潮云庭,售罄
1525,环翼城,售罄
1526,星创晶晖里,售罄
1527,中海望庐|云起武林,售罄
1528,赞成漫悦,售罄
1529,云起中心,售罄
1530,金成潮塘轩,售罄
1531,绿城桂冠东方,售罄
1532,锦尚和品府,售罄
1533,建发银泰天悦,售罄
1534,高运尚悦府,售罄
1535,滨汇之都,售罄
1536,金成汀云上府,售罄
1537,西湖公馆,售罄
1538,花曜里,售罄
1539,滨江滨涛映月,售罄
1540,龙湖坤和·滨康天曜城,售罄
1541,德信滨望之宸,售罄
1542,中海黄龙云起|三里庐,售罄
1543,雨茗云舍,售罄
1544,众安蒲荷芸邸,售罄
1545,德信银城阅湖之宸,售罄
1546,春来雅庭,售罄
1547,滨江望涛月明,售罄
1548,东原东傲城,售罄
1549,招商蛇口花屿观澜里,售罄
1550,绿城云栖燕庐,售罄
1551,绿城云栖燕庐,售罄
1552,电建悦安府,售罄
1553,电建悦安府,售罄
1554,绿城沐春明月,售罄
1555,百富联合国际奥体之星,售罄
1556,宋都如意云境,售罄
1557,河语光年府,售罄
1558,中铁诺德雅逸府,售罄
1559,绿城湖上春风里,售罄
1560,天珏华庭,售罄
1561,天珏华庭,售罄
1562,复地绿城月映咏荷园,售罄
1563,绿城潮听明月,售罄
1564,前湾畅想江澜湾,售罄
1565,世茂风颂府,售罄
1566,潮和阅江台轩,售罄
1567,萧元江南沥城,售罄
1568,枫漫小筑,售罄
1569,曲江新鸥鹏杭州第三城（久雍府）,售罄
1570,葛洲坝龙湖中杭府,售罄
1571,新希望华发锦粼云荟,售罄
1572,华家印月,售罄
1573,湖印光年府,售罄
1574,臻奥院,售罄
1575,滨江望品,售罄
1576,溪悦云和园,售罄
1577,春题杭玥府,售罄
1578,君铂府,售罄
1579,前湾畅想江澜湾,售罄
1580,星潮映象府,售罄
1581,滨江潮听映月,售罄
1582,蓝城陶然里,售罄
1583,海潮望月城,售罄
1584,绿城沁桂轩,售罄
1585,德信碧桂园印江南,售罄
1586,太合商业中心,售罄
1587,柳浪东苑,售罄
1588,憬天国际名座,售罄
1589,萧然之芯,售罄
1590,阳光城檀悦,售罄
1591,九龙仓君廷,售罄
1592,柏润国际花园,售罄
1593,东方御府,售罄
1594,宝嘉誉峰,售罄
1595,绿都御景蓝湾,售罄
1596,锦润公寓,售罄
1597,滨江西溪之星,售罄
1598,中南白马湖壹号,售罄
1599,九龙仓君玺,售罄
1600,复地黄龙和山,售罄
1601,钱江御府,售罄
1602,景瑞申花郡,售罄
1603,新湖武林国际公寓,售罄
1604,融创大家侯潮府,售罄
1605,融创河滨之城雨澜轩,售罄
1606,富力西溪悦居,售罄
1607,金地艺境,售罄
1608,合景天峻,售罄
1609,三盛颐景御园,售罄
1610,协安紫郡,售罄
1611,融信杭州公馆,售罄
1612,万科未来城二期,售罄
1613,中旅城仕公馆,售罄
1614,西溪永乐城,售罄
1615,万科大都会79号,售罄
1616,越秀星汇尚城,售罄
1617,奥克斯缔逸城,售罄
1618,赞成龙兴道一号,售罄
1619,中旅紫金名门,售罄
1620,钱塘大观,售罄
1621,昆仑华府,售罄
1622,理想康城一品,售罄
1623,和昌云潮,售罄
1624,万科缦云坊,售罄
1625,宝嘉誉府,售罄
1626,绿城莲园,售罄
1627,和昌云潮,售罄
1628,大江东宝龙广场,售罄
1629,武林外滩,售罄
1630,大美公寓,售罄
1631,富力十号一期,售罄
1632,中海御道,售罄
1633,耀达金鼎华庭,售罄
1634,中梁百悦城,售罄
1635,合景叠彩园,售罄
1636,广大融城印象,售罄
1637,滨江西溪明珠,售罄
1638,宋都晨光国际,售罄
1639,凯德湖墅,售罄
1640,融创金成英特学府,售罄
1641,绿地旭辉城,售罄
1642,万泰城章,售罄
1643,融创富春壹号院,售罄
1644,赞成乐山红叶,售罄
1645,蓝色嘉园,售罄
1646,赞成乐山红叶,售罄
1647,东渡酩悦,售罄
1648,世茂智慧之门,售罄
